id,input_id,user_id,timestamp,prediction,churn_probability
1472,1472,2,2025-09-12 10:20:41.968709+02:00,0,0.13994066417217255
1471,1471,2,2025-09-12 09:33:27.051470+02:00,0,0.13994066417217255
3,887,1,2025-09-12 09:25:04.188735+02:00,0,0.048475004732608795
4,264,1,2025-09-12 09:25:04.188735+02:00,0,0.1443818062543869
5,802,1,2025-09-12 09:25:04.188735+02:00,1,0.7178559899330139
6,1350,1,2025-09-12 09:25:04.188735+02:00,0,0.11093982309103012
7,1070,1,2025-09-12 09:25:04.188735+02:00,0,0.43023037910461426
8,1209,1,2025-09-12 09:25:04.188735+02:00,0,0.07031779736280441
9,1080,1,2025-09-12 09:25:04.188735+02:00,0,0.007694682106375694
10,496,1,2025-09-12 09:25:04.188735+02:00,0,0.4062938690185547
11,1420,1,2025-09-12 09:25:04.188735+02:00,0,0.09593181312084198
12,455,1,2025-09-12 09:25:04.188735+02:00,0,0.01628720574080944
13,1087,1,2025-09-12 09:25:04.188735+02:00,0,0.09518052637577057
14,630,1,2025-09-12 09:25:04.188735+02:00,0,0.053902581334114075
15,1101,1,2025-09-12 09:25:04.188735+02:00,0,0.073752261698246
16,209,1,2025-09-12 09:25:04.188735+02:00,0,0.012517518363893032
17,276,1,2025-09-12 09:25:04.188735+02:00,0,0.0035240729339420795
18,606,1,2025-09-12 09:25:04.188735+02:00,0,0.07013525813817978
19,850,1,2025-09-12 09:25:04.188735+02:00,1,0.9396660923957825
20,1288,1,2025-09-12 09:25:04.188735+02:00,0,0.05218421295285225
21,801,1,2025-09-12 09:25:04.188735+02:00,1,0.8805564641952515
22,599,1,2025-09-12 09:25:04.188735+02:00,1,0.6551319360733032
23,1083,1,2025-09-12 09:25:04.188735+02:00,1,0.6546001434326172
24,856,1,2025-09-12 09:25:04.188735+02:00,0,0.006505335681140423
25,756,1,2025-09-12 09:25:04.188735+02:00,0,0.005633683409541845
26,1124,1,2025-09-12 09:25:04.188735+02:00,0,0.01306318398565054
27,1231,1,2025-09-12 09:25:04.188735+02:00,0,0.10539303719997406
28,872,1,2025-09-12 09:25:04.188735+02:00,1,0.855657696723938
29,151,1,2025-09-12 09:25:04.188735+02:00,0,0.08232332020998001
30,921,1,2025-09-12 09:25:04.188735+02:00,0,0.047684840857982635
31,253,1,2025-09-12 09:25:04.188735+02:00,0,0.12984979152679443
32,119,1,2025-09-12 09:25:04.188735+02:00,0,0.12378768622875214
33,270,1,2025-09-12 09:25:04.188735+02:00,0,0.006020002532750368
34,1269,1,2025-09-12 09:25:04.188735+02:00,0,0.08472295850515366
35,437,1,2025-09-12 09:25:04.188735+02:00,1,0.5868414640426636
36,1283,1,2025-09-12 09:25:04.188735+02:00,0,0.008865688927471638
37,101,1,2025-09-12 09:25:04.188735+02:00,0,0.4076308310031891
38,339,1,2025-09-12 09:25:04.188735+02:00,0,0.010291151702404022
39,847,1,2025-09-12 09:25:04.188735+02:00,0,0.016248159110546112
40,1314,1,2025-09-12 09:25:04.188735+02:00,1,0.6217213869094849
41,82,1,2025-09-12 09:25:04.188735+02:00,0,0.16634032130241394
42,1465,1,2025-09-12 09:25:04.188735+02:00,0,0.3499031662940979
43,1048,1,2025-09-12 09:25:04.188735+02:00,0,0.04181218892335892
44,1043,1,2025-09-12 09:25:04.188735+02:00,0,0.10689008235931396
45,25,1,2025-09-12 09:25:04.188735+02:00,0,0.4435819387435913
46,1253,1,2025-09-12 09:25:04.188735+02:00,0,0.0019672445487231016
47,359,1,2025-09-12 09:25:04.188735+02:00,0,0.016003582626581192
48,1348,1,2025-09-12 09:25:04.188735+02:00,0,0.1443229764699936
49,1060,1,2025-09-12 09:25:04.188735+02:00,0,0.08703254163265228
50,213,1,2025-09-12 09:25:04.188735+02:00,0,0.26540789008140564
51,26,1,2025-09-12 09:25:04.188735+02:00,0,0.04302847385406494
52,1229,1,2025-09-12 09:25:04.188735+02:00,0,0.09441744536161423
53,136,1,2025-09-12 09:25:04.188735+02:00,0,0.017161494120955467
54,218,1,2025-09-12 09:25:04.188735+02:00,1,0.6693540811538696
55,196,1,2025-09-12 09:25:04.188735+02:00,0,0.06266288459300995
56,373,1,2025-09-12 09:25:04.188735+02:00,0,0.019672464579343796
57,1403,1,2025-09-12 09:25:04.188735+02:00,0,0.12845826148986816
58,969,1,2025-09-12 09:25:04.188735+02:00,0,0.07529240101575851
59,1171,1,2025-09-12 09:25:04.188735+02:00,0,0.17310962080955505
60,230,1,2025-09-12 09:25:04.188735+02:00,1,0.5855447053909302
61,1116,1,2025-09-12 09:25:04.188735+02:00,0,0.1628735214471817
62,785,1,2025-09-12 09:25:04.188735+02:00,0,0.06741116940975189
63,414,1,2025-09-12 09:25:04.188735+02:00,0,0.08366771787405014
64,1146,1,2025-09-12 09:25:04.188735+02:00,0,0.010002147406339645
65,667,1,2025-09-12 09:25:04.188735+02:00,0,0.0567052848637104
66,449,1,2025-09-12 09:25:04.188735+02:00,0,0.040784548968076706
67,1108,1,2025-09-12 09:25:04.188735+02:00,0,0.12686139345169067
68,899,1,2025-09-12 09:25:04.188735+02:00,0,0.011822069063782692
69,1120,1,2025-09-12 09:25:04.188735+02:00,0,0.06740571558475494
70,786,1,2025-09-12 09:25:04.188735+02:00,0,0.051757365465164185
71,1071,1,2025-09-12 09:25:04.188735+02:00,0,0.35110506415367126
72,149,1,2025-09-12 09:25:04.188735+02:00,0,0.057284023612737656
73,93,1,2025-09-12 09:25:04.188735+02:00,0,0.06792014837265015
74,307,1,2025-09-12 09:25:04.188735+02:00,0,0.07128407806158066
75,1289,1,2025-09-12 09:25:04.188735+02:00,0,0.0006900247535668314
76,706,1,2025-09-12 09:25:04.188735+02:00,0,0.09349333494901657
77,1009,1,2025-09-12 09:25:04.188735+02:00,0,0.07534209638834
78,1295,1,2025-09-12 09:25:04.188735+02:00,0,0.021410565823316574
79,541,1,2025-09-12 09:25:04.188735+02:00,1,0.566118597984314
80,1100,1,2025-09-12 09:25:04.188735+02:00,0,0.031750135123729706
81,1335,1,2025-09-12 09:25:04.188735+02:00,0,0.19635574519634247
82,774,1,2025-09-12 09:25:04.188735+02:00,0,0.2100403606891632
83,714,1,2025-09-12 09:25:04.188735+02:00,0,0.012702377513051033
84,1408,1,2025-09-12 09:25:04.188735+02:00,0,0.13510800898075104
85,1065,1,2025-09-12 09:25:04.188735+02:00,0,0.030620384961366653
86,523,1,2025-09-12 09:25:04.188735+02:00,0,0.06190832704305649
87,252,1,2025-09-12 09:25:04.188735+02:00,0,0.12015479803085327
88,537,1,2025-09-12 09:25:04.188735+02:00,1,0.6138594746589661
89,839,1,2025-09-12 09:25:04.188735+02:00,1,0.8500586152076721
90,526,1,2025-09-12 09:25:04.188735+02:00,1,0.7581875920295715
91,489,1,2025-09-12 09:25:04.188735+02:00,0,0.0034136157482862473
92,559,1,2025-09-12 09:25:04.188735+02:00,0,0.037518467754125595
93,1425,1,2025-09-12 09:25:04.188735+02:00,0,0.07637989521026611
94,1293,1,2025-09-12 09:25:04.188735+02:00,0,0.034292880445718765
95,131,1,2025-09-12 09:25:04.188735+02:00,0,0.18337944149971008
96,974,1,2025-09-12 09:25:04.188735+02:00,0,0.04430416226387024
97,178,1,2025-09-12 09:25:04.188735+02:00,1,0.8305578827857971
98,1320,1,2025-09-12 09:25:04.188735+02:00,0,0.37310898303985596
99,357,1,2025-09-12 09:25:04.188735+02:00,0,0.015336562879383564
100,241,1,2025-09-12 09:25:04.188735+02:00,0,0.031062107533216476
101,958,1,2025-09-12 09:25:04.188735+02:00,0,0.02242303639650345
102,812,1,2025-09-12 09:25:04.188735+02:00,0,0.27337217330932617
103,325,1,2025-09-12 09:25:04.188735+02:00,0,0.014171113260090351
104,17,1,2025-09-12 09:25:04.188735+02:00,0,0.01459549367427826
105,1021,1,2025-09-12 09:25:04.188735+02:00,0,0.11911643296480179
106,142,1,2025-09-12 09:25:04.188735+02:00,0,0.18043698370456696
107,980,1,2025-09-12 09:25:04.188735+02:00,0,0.285788893699646
108,861,1,2025-09-12 09:25:04.188735+02:00,0,0.16839389503002167
109,504,1,2025-09-12 09:25:04.188735+02:00,0,0.04920387640595436
110,33,1,2025-09-12 09:25:04.188735+02:00,0,0.30580195784568787
111,1188,1,2025-09-12 09:25:04.188735+02:00,0,0.004401571117341518
112,1003,1,2025-09-12 09:25:04.188735+02:00,0,0.04841644689440727
113,633,1,2025-09-12 09:25:04.188735+02:00,0,0.047338131815195084
114,1333,1,2025-09-12 09:25:04.188735+02:00,1,0.774289608001709
115,816,1,2025-09-12 09:25:04.188735+02:00,0,0.39188775420188904
116,900,1,2025-09-12 09:25:04.188735+02:00,0,0.05278204381465912
117,1079,1,2025-09-12 09:25:04.188735+02:00,0,0.008569055236876011
118,109,1,2025-09-12 09:25:04.188735+02:00,0,0.029311565682291985
119,914,1,2025-09-12 09:25:04.188735+02:00,1,0.608094334602356
120,524,1,2025-09-12 09:25:04.188735+02:00,0,0.055882055312395096
121,1129,1,2025-09-12 09:25:04.188735+02:00,0,0.11646062135696411
122,644,1,2025-09-12 09:25:04.188735+02:00,0,0.015857895836234093
123,763,1,2025-09-12 09:25:04.188735+02:00,0,0.21797651052474976
124,296,1,2025-09-12 09:25:04.188735+02:00,0,0.1243196427822113
125,686,1,2025-09-12 09:25:04.188735+02:00,0,0.28738993406295776
126,282,1,2025-09-12 09:25:04.188735+02:00,0,0.06710729002952576
127,1117,1,2025-09-12 09:25:04.188735+02:00,0,0.14701104164123535
128,428,1,2025-09-12 09:25:04.188735+02:00,1,0.6758668422698975
129,10,1,2025-09-12 09:25:04.188735+02:00,0,0.04032120481133461
130,146,1,2025-09-12 09:25:04.188735+02:00,0,0.012055880390107632
131,752,1,2025-09-12 09:25:04.188735+02:00,0,0.016455907374620438
132,98,1,2025-09-12 09:25:04.188735+02:00,0,0.02861172892153263
133,193,1,2025-09-12 09:25:04.188735+02:00,0,0.35772594809532166
134,1389,1,2025-09-12 09:25:04.188735+02:00,0,0.0012836006935685873
135,1364,1,2025-09-12 09:25:04.188735+02:00,0,0.38278087973594666
136,655,1,2025-09-12 09:25:04.188735+02:00,0,0.05685820057988167
137,853,1,2025-09-12 09:25:04.188735+02:00,0,0.03688838332891464
138,243,1,2025-09-12 09:25:04.188735+02:00,0,0.2781473994255066
139,617,1,2025-09-12 09:25:04.188735+02:00,0,0.11635914444923401
140,674,1,2025-09-12 09:25:04.188735+02:00,1,0.52975994348526
141,995,1,2025-09-12 09:25:04.188735+02:00,0,0.1440514326095581
142,167,1,2025-09-12 09:25:04.188735+02:00,0,0.09146875143051147
143,1416,1,2025-09-12 09:25:04.188735+02:00,1,0.5720786452293396
144,672,1,2025-09-12 09:25:04.188735+02:00,0,0.24563954770565033
145,1275,1,2025-09-12 09:25:04.188735+02:00,0,0.1756296306848526
146,478,1,2025-09-12 09:25:04.188735+02:00,0,0.20500443875789642
147,1280,1,2025-09-12 09:25:04.188735+02:00,0,0.23193518817424774
148,956,1,2025-09-12 09:25:04.188735+02:00,0,0.09977005422115326
149,1366,1,2025-09-12 09:25:04.188735+02:00,1,0.9731481671333313
150,145,1,2025-09-12 09:25:04.188735+02:00,0,0.014838820323348045
151,458,1,2025-09-12 09:25:04.188735+02:00,1,0.9636576175689697
152,198,1,2025-09-12 09:25:04.188735+02:00,0,0.004352388437837362
153,629,1,2025-09-12 09:25:04.188735+02:00,0,0.09197255223989487
154,104,1,2025-09-12 09:25:04.188735+02:00,0,0.1391068994998932
155,1081,1,2025-09-12 09:25:04.188735+02:00,0,0.011631535366177559
156,413,1,2025-09-12 09:25:04.188735+02:00,0,0.01326842326670885
157,163,1,2025-09-12 09:25:04.188735+02:00,0,0.13644342124462128
158,1134,1,2025-09-12 09:25:04.188735+02:00,0,0.04456602409482002
159,1175,1,2025-09-12 09:25:04.188735+02:00,0,0.00411049323156476
160,533,1,2025-09-12 09:25:04.188735+02:00,0,0.17506739497184753
161,71,1,2025-09-12 09:25:04.188735+02:00,1,0.960780918598175
162,588,1,2025-09-12 09:25:04.188735+02:00,0,0.029052767902612686
163,1026,1,2025-09-12 09:25:04.188735+02:00,0,0.004986017942428589
164,1153,1,2025-09-12 09:25:04.188735+02:00,0,0.026356184855103493
165,343,1,2025-09-12 09:25:04.188735+02:00,0,0.047010477632284164
166,1317,1,2025-09-12 09:25:04.188735+02:00,0,0.012289656326174736
167,624,1,2025-09-12 09:25:04.188735+02:00,0,0.12072794139385223
168,186,1,2025-09-12 09:25:04.188735+02:00,0,0.00669255293905735
169,626,1,2025-09-12 09:25:04.188735+02:00,0,0.03331547975540161
170,1264,1,2025-09-12 09:25:04.188735+02:00,0,0.11900419741868973
171,823,1,2025-09-12 09:25:04.188735+02:00,0,0.09315761923789978
172,705,1,2025-09-12 09:25:04.188735+02:00,0,0.0023594440426677465
173,480,1,2025-09-12 09:25:04.188735+02:00,0,0.059460148215293884
174,337,1,2025-09-12 09:25:04.188735+02:00,1,0.8601157069206238
175,727,1,2025-09-12 09:25:04.188735+02:00,0,0.023577367886900902
176,280,1,2025-09-12 09:25:04.188735+02:00,0,0.036821942776441574
177,886,1,2025-09-12 09:25:04.188735+02:00,0,0.04611297324299812
178,1374,1,2025-09-12 09:25:04.188735+02:00,0,0.008797298185527325
179,781,1,2025-09-12 09:25:04.188735+02:00,1,0.6922947764396667
180,297,1,2025-09-12 09:25:04.188735+02:00,1,0.905024528503418
181,1164,1,2025-09-12 09:25:04.188735+02:00,0,0.4708610475063324
182,419,1,2025-09-12 09:25:04.188735+02:00,0,0.09100744128227234
183,314,1,2025-09-12 09:25:04.188735+02:00,0,0.012167993001639843
184,1345,1,2025-09-12 09:25:04.188735+02:00,0,0.026226965710520744
185,893,1,2025-09-12 09:25:04.188735+02:00,1,0.9067832231521606
186,689,1,2025-09-12 09:25:04.188735+02:00,1,0.9093983769416809
187,400,1,2025-09-12 09:25:04.188735+02:00,0,0.055890120565891266
188,1139,1,2025-09-12 09:25:04.188735+02:00,0,0.11146800965070724
189,636,1,2025-09-12 09:25:04.188735+02:00,0,0.026961959898471832
190,473,1,2025-09-12 09:25:04.188735+02:00,0,0.010080993175506592
191,1000,1,2025-09-12 09:25:04.188735+02:00,0,0.008534137159585953
192,819,1,2025-09-12 09:25:04.188735+02:00,0,0.14343403279781342
193,595,1,2025-09-12 09:25:04.188735+02:00,0,0.009624721482396126
194,47,1,2025-09-12 09:25:04.188735+02:00,0,0.24240319430828094
195,813,1,2025-09-12 09:25:04.188735+02:00,0,0.08047455549240112
196,1458,1,2025-09-12 09:25:04.188735+02:00,0,0.008274869062006474
197,211,1,2025-09-12 09:25:04.188735+02:00,1,0.8672016263008118
198,1252,1,2025-09-12 09:25:04.188735+02:00,0,0.17896781861782074
199,970,1,2025-09-12 09:25:04.188735+02:00,0,0.017773030325770378
200,304,1,2025-09-12 09:25:04.188735+02:00,0,0.09327651560306549
201,15,1,2025-09-12 09:25:04.188735+02:00,1,0.7800714373588562
202,125,1,2025-09-12 09:25:04.188735+02:00,0,0.4833393692970276
203,77,1,2025-09-12 09:25:04.188735+02:00,0,0.3014078140258789
204,140,1,2025-09-12 09:25:04.188735+02:00,0,0.3018650412559509
205,1285,1,2025-09-12 09:25:04.188735+02:00,0,0.0049805305898189545
206,153,1,2025-09-12 09:25:04.188735+02:00,0,0.10588793456554413
207,806,1,2025-09-12 09:25:04.188735+02:00,0,0.125453919172287
208,1201,1,2025-09-12 09:25:04.188735+02:00,0,0.021878140047192574
209,56,1,2025-09-12 09:25:04.188735+02:00,0,0.104306660592556
210,590,1,2025-09-12 09:25:04.188735+02:00,1,0.6977350115776062
211,579,1,2025-09-12 09:25:04.188735+02:00,0,0.0986189916729927
212,946,1,2025-09-12 09:25:04.188735+02:00,0,0.024074353277683258
213,729,1,2025-09-12 09:25:04.188735+02:00,0,0.3651100695133209
214,123,1,2025-09-12 09:25:04.188735+02:00,0,0.16295631229877472
215,1463,1,2025-09-12 09:25:04.188735+02:00,0,0.49915966391563416
216,1414,1,2025-09-12 09:25:04.188735+02:00,0,0.08927693217992783
217,885,1,2025-09-12 09:25:04.188735+02:00,0,0.10751645267009735
218,1045,1,2025-09-12 09:25:04.188735+02:00,0,0.05141115188598633
219,891,1,2025-09-12 09:25:04.188735+02:00,0,0.09520701318979263
220,880,1,2025-09-12 09:25:04.188735+02:00,0,0.01356065645813942
221,468,1,2025-09-12 09:25:04.188735+02:00,0,0.018469054251909256
222,575,1,2025-09-12 09:25:04.188735+02:00,0,0.00802241824567318
223,333,1,2025-09-12 09:25:04.188735+02:00,1,0.7408062219619751
224,800,1,2025-09-12 09:25:04.188735+02:00,0,0.009755754843354225
225,1429,1,2025-09-12 09:25:04.188735+02:00,0,0.27339968085289
226,1180,1,2025-09-12 09:25:04.188735+02:00,0,0.010426044464111328
227,915,1,2025-09-12 09:25:04.188735+02:00,0,0.03465825319290161
228,189,1,2025-09-12 09:25:04.188735+02:00,0,0.060577392578125
229,712,1,2025-09-12 09:25:04.188735+02:00,1,0.6867641806602478
230,1346,1,2025-09-12 09:25:04.188735+02:00,0,0.03310002386569977
231,1306,1,2025-09-12 09:25:04.188735+02:00,0,0.10405200719833374
232,1141,1,2025-09-12 09:25:04.188735+02:00,0,0.005956142675131559
233,404,1,2025-09-12 09:25:04.188735+02:00,0,0.07688684016466141
234,1453,1,2025-09-12 09:25:04.188735+02:00,0,0.3313763737678528
235,923,1,2025-09-12 09:25:04.188735+02:00,0,0.011665361933410168
236,547,1,2025-09-12 09:25:04.188735+02:00,1,0.7140929102897644
237,997,1,2025-09-12 09:25:04.188735+02:00,0,0.06095750629901886
238,952,1,2025-09-12 09:25:04.188735+02:00,0,0.2775546610355377
239,1118,1,2025-09-12 09:25:04.188735+02:00,0,0.02741951309144497
240,977,1,2025-09-12 09:25:04.188735+02:00,0,0.145697683095932
241,578,1,2025-09-12 09:25:04.188735+02:00,0,0.042693860828876495
242,1123,1,2025-09-12 09:25:04.188735+02:00,0,0.40012648701667786
243,556,1,2025-09-12 09:25:04.188735+02:00,0,0.051111865788698196
244,376,1,2025-09-12 09:25:04.188735+02:00,0,0.12670743465423584
245,879,1,2025-09-12 09:25:04.188735+02:00,0,0.05546016991138458
246,723,1,2025-09-12 09:25:04.188735+02:00,0,0.1318480372428894
247,1372,1,2025-09-12 09:25:04.188735+02:00,0,0.23077137768268585
248,1427,1,2025-09-12 09:25:04.188735+02:00,0,0.2748463749885559
249,566,1,2025-09-12 09:25:04.188735+02:00,0,0.2171867936849594
250,515,1,2025-09-12 09:25:04.188735+02:00,1,0.8417690992355347
251,695,1,2025-09-12 09:25:04.188735+02:00,0,0.007042905781418085
252,737,1,2025-09-12 09:25:04.188735+02:00,0,0.0801963284611702
253,303,1,2025-09-12 09:25:04.188735+02:00,0,0.07477002590894699
254,1296,1,2025-09-12 09:25:04.188735+02:00,0,0.040696777403354645
255,782,1,2025-09-12 09:25:04.188735+02:00,0,0.4296889305114746
256,610,1,2025-09-12 09:25:04.188735+02:00,0,0.007812424562871456
257,1131,1,2025-09-12 09:25:04.188735+02:00,0,0.055415455251932144
258,287,1,2025-09-12 09:25:04.188735+02:00,1,0.6249549388885498
259,165,1,2025-09-12 09:25:04.188735+02:00,0,0.10328582674264908
260,748,1,2025-09-12 09:25:04.188735+02:00,0,0.07232419401407242
261,21,1,2025-09-12 09:25:04.188735+02:00,0,0.009863748215138912
262,1056,1,2025-09-12 09:25:04.188735+02:00,0,0.04297754913568497
263,1156,1,2025-09-12 09:25:04.188735+02:00,0,0.02032470889389515
264,570,1,2025-09-12 09:25:04.188735+02:00,1,0.5177424550056458
265,401,1,2025-09-12 09:25:04.188735+02:00,0,0.0034232293255627155
266,281,1,2025-09-12 09:25:04.188735+02:00,0,0.025845453143119812
267,1274,1,2025-09-12 09:25:04.188735+02:00,1,0.6639224290847778
268,301,1,2025-09-12 09:25:04.188735+02:00,0,0.017507359385490417
269,1049,1,2025-09-12 09:25:04.188735+02:00,0,0.16488194465637207
270,181,1,2025-09-12 09:25:04.188735+02:00,0,0.014882777817547321
271,1412,1,2025-09-12 09:25:04.188735+02:00,0,0.17882876098155975
272,1137,1,2025-09-12 09:25:04.188735+02:00,0,0.47881320118904114
273,367,1,2025-09-12 09:25:04.188735+02:00,1,0.6668517589569092
274,822,1,2025-09-12 09:25:04.188735+02:00,0,0.20213614404201508
275,983,1,2025-09-12 09:25:04.188735+02:00,0,0.036268774420022964
276,896,1,2025-09-12 09:25:04.188735+02:00,0,0.07436946034431458
277,609,1,2025-09-12 09:25:04.188735+02:00,1,0.5122969150543213
278,298,1,2025-09-12 09:25:04.188735+02:00,0,0.27293792366981506
279,429,1,2025-09-12 09:25:04.188735+02:00,0,0.015344182029366493
280,718,1,2025-09-12 09:25:04.188735+02:00,0,0.14949184656143188
281,1242,1,2025-09-12 09:25:04.188735+02:00,0,0.3191526532173157
282,690,1,2025-09-12 09:25:04.188735+02:00,1,0.9806485772132874
283,112,1,2025-09-12 09:25:04.188735+02:00,1,0.5656781196594238
284,694,1,2025-09-12 09:25:04.188735+02:00,0,0.23008045554161072
285,1460,1,2025-09-12 09:25:04.188735+02:00,0,0.12727712094783783
286,1211,1,2025-09-12 09:25:04.188735+02:00,0,0.016258658841252327
287,863,1,2025-09-12 09:25:04.188735+02:00,0,0.3210676908493042
288,1136,1,2025-09-12 09:25:04.188735+02:00,0,0.06531881541013718
289,954,1,2025-09-12 09:25:04.188735+02:00,1,0.6993211507797241
290,1029,1,2025-09-12 09:25:04.188735+02:00,0,0.09776676446199417
291,600,1,2025-09-12 09:25:04.188735+02:00,0,0.04355637729167938
292,319,1,2025-09-12 09:25:04.188735+02:00,0,0.47210147976875305
293,530,1,2025-09-12 09:25:04.188735+02:00,0,0.001736361300572753
294,221,1,2025-09-12 09:25:04.188735+02:00,0,0.04498235881328583
295,889,1,2025-09-12 09:25:04.188735+02:00,0,0.3841477930545807
296,435,1,2025-09-12 09:25:04.188735+02:00,0,0.0058972714468836784
297,653,1,2025-09-12 09:25:04.188735+02:00,0,0.12993834912776947
298,1405,1,2025-09-12 09:25:04.188735+02:00,0,0.09081973135471344
299,913,1,2025-09-12 09:25:04.188735+02:00,0,0.034954946488142014
300,589,1,2025-09-12 09:25:04.188735+02:00,0,0.009004386141896248
301,108,1,2025-09-12 09:25:04.188735+02:00,0,0.29081934690475464
302,643,1,2025-09-12 09:25:04.188735+02:00,0,0.1784718930721283
303,1051,1,2025-09-12 09:25:04.188735+02:00,0,0.053131263703107834
304,1089,1,2025-09-12 09:25:04.188735+02:00,0,0.12747322022914886
305,65,1,2025-09-12 09:25:04.188735+02:00,0,0.017972638830542564
306,52,1,2025-09-12 09:25:04.188735+02:00,1,0.8151740431785583
307,366,1,2025-09-12 09:25:04.188735+02:00,0,0.03276004642248154
308,440,1,2025-09-12 09:25:04.188735+02:00,1,0.6892807483673096
309,1017,1,2025-09-12 09:25:04.188735+02:00,1,0.9626474380493164
310,85,1,2025-09-12 09:25:04.188735+02:00,0,0.0170111246407032
311,1022,1,2025-09-12 09:25:04.188735+02:00,1,0.9069491028785706
312,1122,1,2025-09-12 09:25:04.188735+02:00,0,0.3278902471065521
313,32,1,2025-09-12 09:25:04.188735+02:00,0,0.0019129717256873846
314,1452,1,2025-09-12 09:25:04.188735+02:00,0,0.028489084914326668
315,1382,1,2025-09-12 09:25:04.188735+02:00,0,0.2776126265525818
316,1381,1,2025-09-12 09:25:04.188735+02:00,0,0.10061491280794144
317,1102,1,2025-09-12 09:25:04.188735+02:00,0,0.0982292965054512
318,546,1,2025-09-12 09:25:04.188735+02:00,0,0.04489441588521004
319,358,1,2025-09-12 09:25:04.188735+02:00,1,0.9575334787368774
320,701,1,2025-09-12 09:25:04.188735+02:00,1,0.7199431657791138
321,736,1,2025-09-12 09:25:04.188735+02:00,0,0.1603626310825348
322,1006,1,2025-09-12 09:25:04.188735+02:00,1,0.9607625603675842
323,278,1,2025-09-12 09:25:04.188735+02:00,0,0.01562509872019291
324,1181,1,2025-09-12 09:25:04.188735+02:00,0,0.48661285638809204
325,941,1,2025-09-12 09:25:04.188735+02:00,1,0.5831517577171326
326,875,1,2025-09-12 09:25:04.188735+02:00,0,0.20148928463459015
327,603,1,2025-09-12 09:25:04.188735+02:00,0,0.15442858636379242
328,637,1,2025-09-12 09:25:04.188735+02:00,0,0.21782205998897552
329,289,1,2025-09-12 09:25:04.188735+02:00,0,0.4072848856449127
330,443,1,2025-09-12 09:25:04.188735+02:00,0,0.20260486006736755
331,892,1,2025-09-12 09:25:04.188735+02:00,0,0.02577638439834118
332,804,1,2025-09-12 09:25:04.188735+02:00,0,0.0044409423135221004
333,758,1,2025-09-12 09:25:04.188735+02:00,0,0.03800914064049721
334,416,1,2025-09-12 09:25:04.188735+02:00,1,0.5415351390838623
335,692,1,2025-09-12 09:25:04.188735+02:00,0,0.03897241875529289
336,232,1,2025-09-12 09:25:04.188735+02:00,0,0.04995139688253403
337,427,1,2025-09-12 09:25:04.188735+02:00,0,0.28707438707351685
338,803,1,2025-09-12 09:25:04.188735+02:00,0,0.042316559702157974
339,739,1,2025-09-12 09:25:04.188735+02:00,0,0.019619271159172058
340,113,1,2025-09-12 09:25:04.188735+02:00,0,0.030578894540667534
341,377,1,2025-09-12 09:25:04.188735+02:00,0,0.124797523021698
342,1091,1,2025-09-12 09:25:04.188735+02:00,0,0.019271107390522957
343,184,1,2025-09-12 09:25:04.188735+02:00,0,0.20277798175811768
344,24,1,2025-09-12 09:25:04.188735+02:00,0,0.1570778489112854
345,494,1,2025-09-12 09:25:04.188735+02:00,1,0.9341998100280762
346,1235,1,2025-09-12 09:25:04.188735+02:00,0,0.09613864868879318
347,1018,1,2025-09-12 09:25:04.188735+02:00,0,0.23198086023330688
348,68,1,2025-09-12 09:25:04.188735+02:00,0,0.21440140902996063
349,1265,1,2025-09-12 09:25:04.188735+02:00,0,0.09718108177185059
350,652,1,2025-09-12 09:25:04.188735+02:00,0,0.0131996413692832
351,535,1,2025-09-12 09:25:04.188735+02:00,0,0.0029678107239305973
352,1233,1,2025-09-12 09:25:04.188735+02:00,0,0.0047797043807804585
353,565,1,2025-09-12 09:25:04.188735+02:00,1,0.889441967010498
354,728,1,2025-09-12 09:25:04.188735+02:00,0,0.19097644090652466
355,456,1,2025-09-12 09:25:04.188735+02:00,0,0.0022358798887580633
356,300,1,2025-09-12 09:25:04.188735+02:00,0,0.012001853436231613
357,928,1,2025-09-12 09:25:04.188735+02:00,0,0.022757910192012787
358,1052,1,2025-09-12 09:25:04.188735+02:00,0,0.3613278567790985
359,256,1,2025-09-12 09:25:04.188735+02:00,0,0.012358848005533218
360,216,1,2025-09-12 09:25:04.188735+02:00,0,0.03408105671405792
361,202,1,2025-09-12 09:25:04.188735+02:00,0,0.005497605539858341
362,987,1,2025-09-12 09:25:04.188735+02:00,0,0.08053708076477051
363,865,1,2025-09-12 09:25:04.188735+02:00,0,0.44651392102241516
364,266,1,2025-09-12 09:25:04.188735+02:00,0,0.15135997533798218
365,809,1,2025-09-12 09:25:04.188735+02:00,0,0.013751138001680374
366,8,1,2025-09-12 09:25:04.188735+02:00,0,0.17114394903182983
367,483,1,2025-09-12 09:25:04.188735+02:00,1,0.6956948041915894
368,1432,1,2025-09-12 09:25:04.188735+02:00,0,0.05863320082426071
369,305,1,2025-09-12 09:25:04.188735+02:00,0,0.008157324977219105
370,80,1,2025-09-12 09:25:04.188735+02:00,0,0.1096951812505722
371,881,1,2025-09-12 09:25:04.188735+02:00,0,0.058204542845487595
372,318,1,2025-09-12 09:25:04.188735+02:00,1,0.9246608018875122
373,683,1,2025-09-12 09:25:04.188735+02:00,0,0.2954440414905548
374,312,1,2025-09-12 09:25:04.188735+02:00,0,0.16799329221248627
375,542,1,2025-09-12 09:25:04.188735+02:00,0,0.015437823720276356
376,470,1,2025-09-12 09:25:04.188735+02:00,0,0.24279022216796875
377,1341,1,2025-09-12 09:25:04.188735+02:00,0,0.18400071561336517
378,1270,1,2025-09-12 09:25:04.188735+02:00,0,0.024140221998095512
379,876,1,2025-09-12 09:25:04.188735+02:00,0,0.03014417551457882
380,685,1,2025-09-12 09:25:04.188735+02:00,0,0.46140456199645996
381,1213,1,2025-09-12 09:25:04.188735+02:00,0,0.05797972530126572
382,1415,1,2025-09-12 09:25:04.188735+02:00,0,0.053783807903528214
383,1301,1,2025-09-12 09:25:04.188735+02:00,0,0.022959938272833824
384,110,1,2025-09-12 09:25:04.188735+02:00,0,0.3434564769268036
385,175,1,2025-09-12 09:25:04.188735+02:00,0,0.04123111069202423
386,1418,1,2025-09-12 09:25:04.188735+02:00,0,0.27058225870132446
387,1344,1,2025-09-12 09:25:04.188735+02:00,0,0.3947436809539795
388,1342,1,2025-09-12 09:25:04.188735+02:00,0,0.2264394313097
389,1128,1,2025-09-12 09:25:04.188735+02:00,0,0.07840508967638016
390,99,1,2025-09-12 09:25:04.188735+02:00,0,0.29328101873397827
391,1005,1,2025-09-12 09:25:04.188735+02:00,0,0.20918059349060059
392,28,1,2025-09-12 09:25:04.188735+02:00,0,0.02039453014731407
393,699,1,2025-09-12 09:25:04.188735+02:00,0,0.08512180298566818
394,313,1,2025-09-12 09:25:04.188735+02:00,0,0.016013775020837784
395,262,1,2025-09-12 09:25:04.188735+02:00,0,0.014450793154537678
396,94,1,2025-09-12 09:25:04.188735+02:00,0,0.18554243445396423
397,1002,1,2025-09-12 09:25:04.188735+02:00,0,0.4171817898750305
398,362,1,2025-09-12 09:25:04.188735+02:00,0,0.0218258798122406
399,1322,1,2025-09-12 09:25:04.188735+02:00,1,0.6279258131980896
400,162,1,2025-09-12 09:25:04.188735+02:00,0,0.04205302521586418
401,30,1,2025-09-12 09:25:04.188735+02:00,0,0.4448573887348175
402,1312,1,2025-09-12 09:25:04.188735+02:00,1,0.8337106108665466
403,1271,1,2025-09-12 09:25:04.188735+02:00,0,0.1852537840604782
404,1050,1,2025-09-12 09:25:04.188735+02:00,0,0.13556677103042603
405,585,1,2025-09-12 09:25:04.188735+02:00,0,0.01661369390785694
406,122,1,2025-09-12 09:25:04.188735+02:00,0,0.05950893461704254
407,1267,1,2025-09-12 09:25:04.188735+02:00,0,0.08933499455451965
408,514,1,2025-09-12 09:25:04.188735+02:00,0,0.31417497992515564
409,62,1,2025-09-12 09:25:04.188735+02:00,0,0.06912650167942047
410,762,1,2025-09-12 09:25:04.188735+02:00,1,0.7132051587104797
411,531,1,2025-09-12 09:25:04.188735+02:00,0,0.013888644985854626
412,1040,1,2025-09-12 09:25:04.188735+02:00,1,0.8920834064483643
413,390,1,2025-09-12 09:25:04.188735+02:00,0,0.1402348130941391
414,1426,1,2025-09-12 09:25:04.188735+02:00,0,0.027246730402112007
415,1244,1,2025-09-12 09:25:04.188735+02:00,0,0.19176140427589417
416,628,1,2025-09-12 09:25:04.188735+02:00,0,0.06155693531036377
417,1130,1,2025-09-12 09:25:04.188735+02:00,0,0.009519032202661037
418,988,1,2025-09-12 09:25:04.188735+02:00,0,0.4081599712371826
419,670,1,2025-09-12 09:25:04.188735+02:00,1,0.5744587779045105
420,560,1,2025-09-12 09:25:04.188735+02:00,0,0.055577803403139114
421,1310,1,2025-09-12 09:25:04.188735+02:00,0,0.02919270098209381
422,185,1,2025-09-12 09:25:04.188735+02:00,0,0.020718414336442947
423,1057,1,2025-09-12 09:25:04.188735+02:00,1,0.764097273349762
424,545,1,2025-09-12 09:25:04.188735+02:00,0,0.10919032990932465
425,940,1,2025-09-12 09:25:04.188735+02:00,0,0.1318870186805725
426,697,1,2025-09-12 09:25:04.188735+02:00,0,0.12743151187896729
427,487,1,2025-09-12 09:25:04.188735+02:00,0,0.06736986339092255
428,1433,1,2025-09-12 09:25:04.188735+02:00,0,0.0015849975170567632
429,553,1,2025-09-12 09:25:04.188735+02:00,0,0.2606390118598938
430,1190,1,2025-09-12 09:25:04.188735+02:00,0,0.0013705466408282518
431,1339,1,2025-09-12 09:25:04.188735+02:00,1,0.8847194314002991
432,831,1,2025-09-12 09:25:04.188735+02:00,0,0.143869087100029
433,811,1,2025-09-12 09:25:04.188735+02:00,0,0.05625462159514427
434,1198,1,2025-09-12 09:25:04.188735+02:00,1,0.5757399797439575
435,446,1,2025-09-12 09:25:04.188735+02:00,0,0.10616996884346008
436,155,1,2025-09-12 09:25:04.188735+02:00,0,0.21942059695720673
437,434,1,2025-09-12 09:25:04.188735+02:00,0,0.062213849276304245
438,417,1,2025-09-12 09:25:04.188735+02:00,0,0.05141660198569298
439,1115,1,2025-09-12 09:25:04.188735+02:00,0,0.36883604526519775
440,710,1,2025-09-12 09:25:04.188735+02:00,1,0.8305327892303467
441,605,1,2025-09-12 09:25:04.188735+02:00,0,0.040266990661621094
442,587,1,2025-09-12 09:25:04.188735+02:00,0,0.12903381884098053
443,1327,1,2025-09-12 09:25:04.188735+02:00,1,0.9519592523574829
444,1240,1,2025-09-12 09:25:04.188735+02:00,0,0.20557917654514313
445,604,1,2025-09-12 09:25:04.188735+02:00,1,0.535731315612793
446,1262,1,2025-09-12 09:25:04.188735+02:00,0,0.054055001586675644
447,842,1,2025-09-12 09:25:04.188735+02:00,0,0.1883939951658249
448,1282,1,2025-09-12 09:25:04.188735+02:00,0,0.05046198517084122
449,961,1,2025-09-12 09:25:04.188735+02:00,0,0.024911072105169296
450,97,1,2025-09-12 09:25:04.188735+02:00,0,0.1711689531803131
451,1438,1,2025-09-12 09:25:04.188735+02:00,0,0.003704251255840063
452,639,1,2025-09-12 09:25:04.188735+02:00,0,0.24746878445148468
453,187,1,2025-09-12 09:25:04.188735+02:00,0,0.013734916225075722
454,1367,1,2025-09-12 09:25:04.188735+02:00,0,0.12281660735607147
455,351,1,2025-09-12 09:25:04.188735+02:00,0,0.1286570280790329
456,1142,1,2025-09-12 09:25:04.188735+02:00,0,0.11765836179256439
457,386,1,2025-09-12 09:25:04.188735+02:00,1,0.6645389199256897
458,302,1,2025-09-12 09:25:04.188735+02:00,1,0.8385147452354431
459,511,1,2025-09-12 09:25:04.188735+02:00,0,0.26361268758773804
460,126,1,2025-09-12 09:25:04.188735+02:00,0,0.24182097613811493
461,1313,1,2025-09-12 09:25:04.188735+02:00,1,0.8218783140182495
462,506,1,2025-09-12 09:25:04.188735+02:00,0,0.010533588007092476
463,968,1,2025-09-12 09:25:04.188735+02:00,0,0.0412115678191185
464,922,1,2025-09-12 09:25:04.188735+02:00,1,0.7806504964828491
465,336,1,2025-09-12 09:25:04.188735+02:00,0,0.03493070974946022
466,378,1,2025-09-12 09:25:04.188735+02:00,0,0.008050411008298397
467,369,1,2025-09-12 09:25:04.188735+02:00,0,0.18028508126735687
468,742,1,2025-09-12 09:25:04.188735+02:00,0,0.038371797651052475
469,1176,1,2025-09-12 09:25:04.188735+02:00,0,0.010135878808796406
470,724,1,2025-09-12 09:25:04.188735+02:00,0,0.007219152525067329
471,788,1,2025-09-12 09:25:04.188735+02:00,0,0.05480651929974556
472,1413,1,2025-09-12 09:25:04.188735+02:00,0,0.14224210381507874
473,1008,1,2025-09-12 09:25:04.188735+02:00,0,0.2687114477157593
474,1423,1,2025-09-12 09:25:04.188735+02:00,0,0.05758164823055267
475,1055,1,2025-09-12 09:25:04.188735+02:00,0,0.012561564333736897
476,1032,1,2025-09-12 09:25:04.188735+02:00,0,0.1441224366426468
477,849,1,2025-09-12 09:25:04.188735+02:00,0,0.03397379070520401
478,826,1,2025-09-12 09:25:04.188735+02:00,0,0.018556097522377968
479,1406,1,2025-09-12 09:25:04.188735+02:00,0,0.005992843769490719
480,764,1,2025-09-12 09:25:04.188735+02:00,0,0.12361210584640503
481,464,1,2025-09-12 09:25:04.188735+02:00,1,0.9703124165534973
482,1353,1,2025-09-12 09:25:04.188735+02:00,0,0.007801119238138199
483,1004,1,2025-09-12 09:25:04.188735+02:00,0,0.2448214739561081
484,1392,1,2025-09-12 09:25:04.188735+02:00,1,0.937946617603302
485,1440,1,2025-09-12 09:25:04.188735+02:00,0,0.04428603872656822
486,1248,1,2025-09-12 09:25:04.188735+02:00,0,0.1381339281797409
487,477,1,2025-09-12 09:25:04.188735+02:00,0,0.30988603830337524
488,1169,1,2025-09-12 09:25:04.188735+02:00,0,0.1837933212518692
489,1165,1,2025-09-12 09:25:04.188735+02:00,0,0.034810807555913925
490,1075,1,2025-09-12 09:25:04.188735+02:00,0,0.04404149949550629
491,973,1,2025-09-12 09:25:04.188735+02:00,0,0.22530688345432281
492,1323,1,2025-09-12 09:25:04.188735+02:00,0,0.012298903428018093
493,845,1,2025-09-12 09:25:04.188735+02:00,0,0.09268824011087418
494,1291,1,2025-09-12 09:25:04.188735+02:00,0,0.49000218510627747
495,1441,1,2025-09-12 09:25:04.188735+02:00,0,0.005361668299883604
496,406,1,2025-09-12 09:25:04.188735+02:00,0,0.16987983882427216
497,76,1,2025-09-12 09:25:04.188735+02:00,0,0.0063364203087985516
498,1163,1,2025-09-12 09:25:04.188735+02:00,1,0.808643639087677
499,334,1,2025-09-12 09:25:04.188735+02:00,0,0.07721168547868729
500,1098,1,2025-09-12 09:25:04.188735+02:00,1,0.5451439619064331
501,1238,1,2025-09-12 09:25:04.188735+02:00,1,0.9551204442977905
502,591,1,2025-09-12 09:25:04.188735+02:00,0,0.027770912274718285
503,552,1,2025-09-12 09:25:04.188735+02:00,0,0.13584338128566742
504,219,1,2025-09-12 09:25:04.188735+02:00,0,0.22452178597450256
505,273,1,2025-09-12 09:25:04.188735+02:00,0,0.02335497736930847
506,521,1,2025-09-12 09:25:04.188735+02:00,0,0.16061004996299744
507,1461,1,2025-09-12 09:25:04.188735+02:00,1,0.6623108386993408
508,79,1,2025-09-12 09:25:04.188735+02:00,0,0.02043681964278221
509,450,1,2025-09-12 09:25:04.188735+02:00,0,0.0758264809846878
510,715,1,2025-09-12 09:25:04.188735+02:00,0,0.005244423635303974
511,481,1,2025-09-12 09:25:04.188735+02:00,1,0.9381593465805054
512,134,1,2025-09-12 09:25:04.188735+02:00,0,0.012356724590063095
513,1309,1,2025-09-12 09:25:04.188735+02:00,0,0.1928565353155136
514,1234,1,2025-09-12 09:25:04.188735+02:00,0,0.06051606312394142
515,192,1,2025-09-12 09:25:04.188735+02:00,0,0.20724838972091675
516,338,1,2025-09-12 09:25:04.188735+02:00,0,0.12924113869667053
517,271,1,2025-09-12 09:25:04.188735+02:00,0,0.07685291767120361
518,1221,1,2025-09-12 09:25:04.188735+02:00,0,0.18490153551101685
519,1347,1,2025-09-12 09:25:04.188735+02:00,0,0.056913215667009354
520,794,1,2025-09-12 09:25:04.188735+02:00,0,0.19017913937568665
521,1459,1,2025-09-12 09:25:04.188735+02:00,0,0.0037475954741239548
522,607,1,2025-09-12 09:25:04.188735+02:00,0,0.07024465501308441
523,235,1,2025-09-12 09:25:04.188735+02:00,0,0.25019127130508423
524,387,1,2025-09-12 09:25:04.188735+02:00,0,0.09750984609127045
525,932,1,2025-09-12 09:25:04.188735+02:00,0,0.01322745718061924
526,84,1,2025-09-12 09:25:04.188735+02:00,0,0.01199841033667326
527,74,1,2025-09-12 09:25:04.188735+02:00,0,0.06013258546590805
528,509,1,2025-09-12 09:25:04.188735+02:00,0,0.12483309209346771
529,6,1,2025-09-12 09:25:04.188735+02:00,0,0.18922191858291626
530,488,1,2025-09-12 09:25:04.188735+02:00,0,0.26336801052093506
531,29,1,2025-09-12 09:25:04.188735+02:00,0,0.18254892528057098
532,1182,1,2025-09-12 09:25:04.188735+02:00,0,0.01727422885596752
533,1158,1,2025-09-12 09:25:04.188735+02:00,0,0.0040717036463320255
534,41,1,2025-09-12 09:25:04.188735+02:00,0,0.06812990456819534
535,713,1,2025-09-12 09:25:04.188735+02:00,0,0.16742131114006042
536,516,1,2025-09-12 09:25:04.188735+02:00,0,0.11878576874732971
537,1237,1,2025-09-12 09:25:04.188735+02:00,0,0.20716595649719238
538,830,1,2025-09-12 09:25:04.188735+02:00,1,0.8326634764671326
539,580,1,2025-09-12 09:25:04.188735+02:00,0,0.38491347432136536
540,1041,1,2025-09-12 09:25:04.188735+02:00,0,0.004515272099524736
541,999,1,2025-09-12 09:25:04.188735+02:00,0,0.15745511651039124
542,840,1,2025-09-12 09:25:04.188735+02:00,0,0.20564793050289154
543,769,1,2025-09-12 09:25:04.188735+02:00,0,0.2863362729549408
544,720,1,2025-09-12 09:25:04.188735+02:00,0,0.022857574746012688
545,564,1,2025-09-12 09:25:04.188735+02:00,0,0.0780295804142952
546,904,1,2025-09-12 09:25:04.188735+02:00,0,0.002425088547170162
547,1126,1,2025-09-12 09:25:04.188735+02:00,0,0.02421923168003559
548,171,1,2025-09-12 09:25:04.188735+02:00,0,0.10898131877183914
549,227,1,2025-09-12 09:25:04.188735+02:00,0,0.06638234853744507
550,1278,1,2025-09-12 09:25:04.188735+02:00,0,0.002808188321068883
551,247,1,2025-09-12 09:25:04.188735+02:00,0,0.014927931129932404
552,311,1,2025-09-12 09:25:04.188735+02:00,1,0.8645236492156982
553,858,1,2025-09-12 09:25:04.188735+02:00,0,0.2597694396972656
554,766,1,2025-09-12 09:25:04.188735+02:00,0,0.010701584629714489
555,680,1,2025-09-12 09:25:04.188735+02:00,0,0.09837683290243149
556,54,1,2025-09-12 09:25:04.188735+02:00,0,0.031235598027706146
557,1445,1,2025-09-12 09:25:04.188735+02:00,1,0.7972814440727234
558,993,1,2025-09-12 09:25:04.188735+02:00,0,0.009795515798032284
559,1155,1,2025-09-12 09:25:04.188735+02:00,0,0.019514475017786026
560,663,1,2025-09-12 09:25:04.188735+02:00,1,0.8856445550918579
561,103,1,2025-09-12 09:25:04.188735+02:00,0,0.39004284143447876
562,525,1,2025-09-12 09:25:04.188735+02:00,0,0.02542554773390293
563,115,1,2025-09-12 09:25:04.188735+02:00,0,0.06452944874763489
564,1147,1,2025-09-12 09:25:04.188735+02:00,0,0.013492060825228691
565,208,1,2025-09-12 09:25:04.188735+02:00,0,0.12390553951263428
566,810,1,2025-09-12 09:25:04.188735+02:00,0,0.010777555406093597
567,322,1,2025-09-12 09:25:04.188735+02:00,0,0.0065969484858214855
568,1398,1,2025-09-12 09:25:04.188735+02:00,0,0.17880305647850037
569,1311,1,2025-09-12 09:25:04.188735+02:00,0,0.03038126975297928
570,1035,1,2025-09-12 09:25:04.188735+02:00,0,0.09862007945775986
571,857,1,2025-09-12 09:25:04.188735+02:00,1,0.9281755089759827
572,1205,1,2025-09-12 09:25:04.188735+02:00,0,0.20909957587718964
573,36,1,2025-09-12 09:25:04.188735+02:00,0,0.011162093840539455
574,1227,1,2025-09-12 09:25:04.188735+02:00,0,0.2045992761850357
575,174,1,2025-09-12 09:25:04.188735+02:00,0,0.02531473897397518
576,451,1,2025-09-12 09:25:04.188735+02:00,0,0.042246751487255096
577,1268,1,2025-09-12 09:25:04.188735+02:00,0,0.0031521974597126245
578,53,1,2025-09-12 09:25:04.188735+02:00,0,0.10432229936122894
579,1336,1,2025-09-12 09:25:04.188735+02:00,0,0.002835654653608799
580,222,1,2025-09-12 09:25:04.188735+02:00,0,0.031786706298589706
581,92,1,2025-09-12 09:25:04.188735+02:00,0,0.18177787959575653
582,1039,1,2025-09-12 09:25:04.188735+02:00,0,0.07580050081014633
583,528,1,2025-09-12 09:25:04.188735+02:00,0,0.10156631469726562
584,23,1,2025-09-12 09:25:04.188735+02:00,0,0.023593844845891
585,1286,1,2025-09-12 09:25:04.188735+02:00,1,0.6166145205497742
586,1255,1,2025-09-12 09:25:04.188735+02:00,0,0.03938986361026764
587,1170,1,2025-09-12 09:25:04.188735+02:00,0,0.20263873040676117
588,44,1,2025-09-12 09:25:04.188735+02:00,0,0.21517594158649445
589,814,1,2025-09-12 09:25:04.188735+02:00,0,0.037422969937324524
590,960,1,2025-09-12 09:25:04.188735+02:00,0,0.03550982475280762
591,544,1,2025-09-12 09:25:04.188735+02:00,0,0.33078646659851074
592,1196,1,2025-09-12 09:25:04.188735+02:00,0,0.025143589824438095
593,791,1,2025-09-12 09:25:04.188735+02:00,0,0.0004613043274730444
594,1172,1,2025-09-12 09:25:04.188735+02:00,1,0.9522577524185181
595,1113,1,2025-09-12 09:25:04.188735+02:00,0,0.008754883892834187
596,929,1,2025-09-12 09:25:04.188735+02:00,0,0.2372235804796219
597,890,1,2025-09-12 09:25:04.188735+02:00,0,0.1492277979850769
598,290,1,2025-09-12 09:25:04.188735+02:00,0,0.008910676464438438
599,793,1,2025-09-12 09:25:04.188735+02:00,0,0.4082731008529663
600,1356,1,2025-09-12 09:25:04.188735+02:00,0,0.29132500290870667
601,1012,1,2025-09-12 09:25:04.188735+02:00,0,0.3588865399360657
602,619,1,2025-09-12 09:25:04.188735+02:00,0,0.2259925901889801
603,562,1,2025-09-12 09:25:04.188735+02:00,0,0.15486860275268555
604,206,1,2025-09-12 09:25:04.188735+02:00,0,0.27671828866004944
605,111,1,2025-09-12 09:25:04.188735+02:00,0,0.19920852780342102
606,237,1,2025-09-12 09:25:04.188735+02:00,0,0.3535059094429016
607,1256,1,2025-09-12 09:25:04.188735+02:00,1,0.9744908213615417
608,86,1,2025-09-12 09:25:04.188735+02:00,0,0.19269677996635437
609,1149,1,2025-09-12 09:25:04.188735+02:00,0,0.030344996601343155
610,360,1,2025-09-12 09:25:04.188735+02:00,0,0.23400336503982544
611,1297,1,2025-09-12 09:25:04.188735+02:00,0,0.1711910218000412
612,1404,1,2025-09-12 09:25:04.188735+02:00,1,0.6474444270133972
613,780,1,2025-09-12 09:25:04.188735+02:00,0,0.3255693018436432
614,906,1,2025-09-12 09:25:04.188735+02:00,0,0.0024110085796564817
615,945,1,2025-09-12 09:25:04.188735+02:00,0,0.15126392245292664
616,495,1,2025-09-12 09:25:04.188735+02:00,0,0.24108432233333588
617,981,1,2025-09-12 09:25:04.188735+02:00,1,0.8087689280509949
618,975,1,2025-09-12 09:25:04.188735+02:00,0,0.09210114181041718
619,618,1,2025-09-12 09:25:04.188735+02:00,0,0.07123344391584396
620,1393,1,2025-09-12 09:25:04.188735+02:00,0,0.018699612468481064
621,1307,1,2025-09-12 09:25:04.188735+02:00,0,0.4207766354084015
622,668,1,2025-09-12 09:25:04.188735+02:00,0,0.2747107446193695
623,1277,1,2025-09-12 09:25:04.188735+02:00,0,0.06840968877077103
624,75,1,2025-09-12 09:25:04.188735+02:00,0,0.01748899556696415
625,1094,1,2025-09-12 09:25:04.188735+02:00,0,0.041929181665182114
626,124,1,2025-09-12 09:25:04.188735+02:00,0,0.1369209587574005
627,1121,1,2025-09-12 09:25:04.188735+02:00,0,0.4024297595024109
628,561,1,2025-09-12 09:25:04.188735+02:00,0,0.0595766119658947
629,1272,1,2025-09-12 09:25:04.188735+02:00,1,0.861566960811615
630,229,1,2025-09-12 09:25:04.188735+02:00,0,0.2878795266151428
631,1179,1,2025-09-12 09:25:04.188735+02:00,0,0.36832281947135925
632,1390,1,2025-09-12 09:25:04.188735+02:00,0,0.3129521310329437
633,1044,1,2025-09-12 09:25:04.188735+02:00,0,0.15426041185855865
634,425,1,2025-09-12 09:25:04.188735+02:00,0,0.31102368235588074
635,415,1,2025-09-12 09:25:04.188735+02:00,1,0.7884000539779663
636,43,1,2025-09-12 09:25:04.188735+02:00,1,0.9898777604103088
637,1077,1,2025-09-12 09:25:04.188735+02:00,0,0.017740195617079735
638,220,1,2025-09-12 09:25:04.188735+02:00,0,0.030773572623729706
639,482,1,2025-09-12 09:25:04.188735+02:00,0,0.004923134110867977
640,1464,1,2025-09-12 09:25:04.188735+02:00,0,0.18209293484687805
641,1010,1,2025-09-12 09:25:04.188735+02:00,0,0.038262367248535156
642,1016,1,2025-09-12 09:25:04.188735+02:00,0,0.01136903278529644
643,1086,1,2025-09-12 09:25:04.188735+02:00,1,0.9214632511138916
644,166,1,2025-09-12 09:25:04.188735+02:00,0,0.03092905879020691
645,924,1,2025-09-12 09:25:04.188735+02:00,0,0.22946994006633759
646,1218,1,2025-09-12 09:25:04.188735+02:00,0,0.01591908559203148
647,731,1,2025-09-12 09:25:04.188735+02:00,0,0.011427530087530613
648,1257,1,2025-09-12 09:25:04.188735+02:00,0,0.15772847831249237
649,746,1,2025-09-12 09:25:04.188735+02:00,0,0.04447421059012413
650,645,1,2025-09-12 09:25:04.188735+02:00,0,0.007319721393287182
651,431,1,2025-09-12 09:25:04.188735+02:00,0,0.2103940099477768
652,597,1,2025-09-12 09:25:04.188735+02:00,0,0.07790757715702057
653,176,1,2025-09-12 09:25:04.188735+02:00,0,0.029014913365244865
654,1444,1,2025-09-12 09:25:04.188735+02:00,0,0.12309275567531586
655,87,1,2025-09-12 09:25:04.188735+02:00,0,0.43880078196525574
656,388,1,2025-09-12 09:25:04.188735+02:00,0,0.00391564192250371
657,169,1,2025-09-12 09:25:04.188735+02:00,0,0.13383381068706512
658,884,1,2025-09-12 09:25:04.188735+02:00,0,0.028635486960411072
659,598,1,2025-09-12 09:25:04.188735+02:00,0,0.0015805470757186413
660,344,1,2025-09-12 09:25:04.188735+02:00,0,0.04966314882040024
661,824,1,2025-09-12 09:25:04.188735+02:00,0,0.02675728313624859
662,776,1,2025-09-12 09:25:04.188735+02:00,0,0.07248112559318542
663,1193,1,2025-09-12 09:25:04.188735+02:00,0,0.2862972319126129
664,1305,1,2025-09-12 09:25:04.188735+02:00,0,0.013803113251924515
665,472,1,2025-09-12 09:25:04.188735+02:00,0,0.018314504995942116
666,649,1,2025-09-12 09:25:04.188735+02:00,0,0.026095055043697357
667,902,1,2025-09-12 09:25:04.188735+02:00,1,0.7701888084411621
668,147,1,2025-09-12 09:25:04.188735+02:00,0,0.08359643816947937
669,873,1,2025-09-12 09:25:04.188735+02:00,0,0.1717255562543869
670,634,1,2025-09-12 09:25:04.188735+02:00,0,0.389843612909317
671,121,1,2025-09-12 09:25:04.188735+02:00,0,0.18430034816265106
672,1189,1,2025-09-12 09:25:04.188735+02:00,0,0.03970639035105705
673,1284,1,2025-09-12 09:25:04.188735+02:00,0,0.010999992489814758
674,1334,1,2025-09-12 09:25:04.188735+02:00,0,0.10542438179254532
675,1192,1,2025-09-12 09:25:04.188735+02:00,0,0.06056304648518562
676,944,1,2025-09-12 09:25:04.188735+02:00,0,0.40239277482032776
677,911,1,2025-09-12 09:25:04.188735+02:00,0,0.048355672508478165
678,787,1,2025-09-12 09:25:04.188735+02:00,0,0.11494695395231247
679,916,1,2025-09-12 09:25:04.188735+02:00,1,0.9333602786064148
680,716,1,2025-09-12 09:25:04.188735+02:00,0,0.004606118891388178
681,1036,1,2025-09-12 09:25:04.188735+02:00,0,0.10223966836929321
682,161,1,2025-09-12 09:25:04.188735+02:00,0,0.07629705220460892
683,1436,1,2025-09-12 09:25:04.188735+02:00,0,0.05709004029631615
684,1360,1,2025-09-12 09:25:04.188735+02:00,0,0.08826693892478943
685,154,1,2025-09-12 09:25:04.188735+02:00,0,0.2687716484069824
686,35,1,2025-09-12 09:25:04.188735+02:00,0,0.22454394400119781
687,602,1,2025-09-12 09:25:04.188735+02:00,1,0.7641400694847107
688,1315,1,2025-09-12 09:25:04.188735+02:00,0,0.014548256061971188
689,657,1,2025-09-12 09:25:04.188735+02:00,1,0.8098520636558533
690,1245,1,2025-09-12 09:25:04.188735+02:00,1,0.5514688491821289
691,1455,1,2025-09-12 09:25:04.188735+02:00,0,0.18455259501934052
692,963,1,2025-09-12 09:25:04.188735+02:00,0,0.01568407006561756
693,1037,1,2025-09-12 09:25:04.188735+02:00,0,0.24718783795833588
694,375,1,2025-09-12 09:25:04.188735+02:00,0,0.047523315995931625
695,188,1,2025-09-12 09:25:04.188735+02:00,0,0.0915619283914566
696,1395,1,2025-09-12 09:25:04.188735+02:00,0,0.08376637101173401
697,592,1,2025-09-12 09:25:04.188735+02:00,1,0.9169601202011108
698,1145,1,2025-09-12 09:25:04.188735+02:00,0,0.19102266430854797
699,448,1,2025-09-12 09:25:04.188735+02:00,0,0.1989382803440094
700,1239,1,2025-09-12 09:25:04.188735+02:00,0,0.37084534764289856
701,491,1,2025-09-12 09:25:04.188735+02:00,1,0.5382623672485352
702,1212,1,2025-09-12 09:25:04.188735+02:00,0,0.09230167418718338
703,907,1,2025-09-12 09:25:04.188735+02:00,0,0.4653773307800293
704,1159,1,2025-09-12 09:25:04.188735+02:00,0,0.03632105514407158
705,933,1,2025-09-12 09:25:04.188735+02:00,0,0.34538793563842773
706,757,1,2025-09-12 09:25:04.188735+02:00,0,0.246942937374115
707,306,1,2025-09-12 09:25:04.188735+02:00,0,0.0390801839530468
708,1027,1,2025-09-12 09:25:04.188735+02:00,0,0.045113012194633484
709,783,1,2025-09-12 09:25:04.188735+02:00,0,0.11192269623279572
710,773,1,2025-09-12 09:25:04.188735+02:00,0,0.03911678120493889
711,527,1,2025-09-12 09:25:04.188735+02:00,0,0.06507366895675659
712,345,1,2025-09-12 09:25:04.188735+02:00,0,0.009030847810208797
713,436,1,2025-09-12 09:25:04.188735+02:00,0,0.20752835273742676
714,1030,1,2025-09-12 09:25:04.188735+02:00,0,0.02797583118081093
715,308,1,2025-09-12 09:25:04.188735+02:00,0,0.016076432541012764
716,1456,1,2025-09-12 09:25:04.188735+02:00,0,0.07624557614326477
717,1421,1,2025-09-12 09:25:04.188735+02:00,0,0.0012824733275920153
718,420,1,2025-09-12 09:25:04.188735+02:00,0,0.07320576161146164
719,1208,1,2025-09-12 09:25:04.188735+02:00,0,0.3900670111179352
720,1173,1,2025-09-12 09:25:04.188735+02:00,0,0.31030088663101196
721,63,1,2025-09-12 09:25:04.188735+02:00,0,0.12585146725177765
722,917,1,2025-09-12 09:25:04.188735+02:00,0,0.026726413518190384
723,711,1,2025-09-12 09:25:04.188735+02:00,0,0.047363121062517166
724,183,1,2025-09-12 09:25:04.188735+02:00,1,0.788279116153717
725,260,1,2025-09-12 09:25:04.188735+02:00,1,0.648870050907135
726,749,1,2025-09-12 09:25:04.188735+02:00,1,0.6586126089096069
727,118,1,2025-09-12 09:25:04.188735+02:00,0,0.048785250633955
728,272,1,2025-09-12 09:25:04.188735+02:00,0,0.07664056867361069
729,130,1,2025-09-12 09:25:04.188735+02:00,0,0.23371544480323792
730,223,1,2025-09-12 09:25:04.188735+02:00,0,0.0044182064011693
731,283,1,2025-09-12 09:25:04.188735+02:00,0,0.18578188121318817
732,1088,1,2025-09-12 09:25:04.188735+02:00,0,0.12266337871551514
733,772,1,2025-09-12 09:25:04.188735+02:00,1,0.5378543138504028
734,548,1,2025-09-12 09:25:04.188735+02:00,0,0.2411034107208252
735,231,1,2025-09-12 09:25:04.188735+02:00,0,0.3392806053161621
736,1424,1,2025-09-12 09:25:04.188735+02:00,0,0.04783206060528755
737,1454,1,2025-09-12 09:25:04.188735+02:00,0,0.06351542472839355
738,1195,1,2025-09-12 09:25:04.188735+02:00,0,0.011459664441645145
739,212,1,2025-09-12 09:25:04.188735+02:00,0,0.03986435756087303
740,328,1,2025-09-12 09:25:04.188735+02:00,0,0.30399876832962036
741,962,1,2025-09-12 09:25:04.188735+02:00,0,0.10635866224765778
742,1434,1,2025-09-12 09:25:04.188735+02:00,0,0.02818453311920166
743,1331,1,2025-09-12 09:25:04.188735+02:00,0,0.14256229996681213
744,1379,1,2025-09-12 09:25:04.188735+02:00,0,0.09170810133218765
745,953,1,2025-09-12 09:25:04.188735+02:00,1,0.674818754196167
746,740,1,2025-09-12 09:25:04.188735+02:00,0,0.008886667899787426
747,263,1,2025-09-12 09:25:04.188735+02:00,0,0.3183254897594452
748,615,1,2025-09-12 09:25:04.188735+02:00,0,0.1409900039434433
749,1185,1,2025-09-12 09:25:04.188735+02:00,0,0.011336220428347588
750,144,1,2025-09-12 09:25:04.188735+02:00,1,0.5732184052467346
751,7,1,2025-09-12 09:25:04.188735+02:00,0,0.1846674084663391
752,106,1,2025-09-12 09:25:04.188735+02:00,0,0.008890128694474697
753,681,1,2025-09-12 09:25:04.188735+02:00,0,0.00898404885083437
754,285,1,2025-09-12 09:25:04.188735+02:00,0,0.02190541662275791
755,120,1,2025-09-12 09:25:04.188735+02:00,0,0.025159912183880806
756,866,1,2025-09-12 09:25:04.188735+02:00,0,0.12045802175998688
757,664,1,2025-09-12 09:25:04.188735+02:00,1,0.6590115427970886
758,601,1,2025-09-12 09:25:04.188735+02:00,0,0.01132655143737793
759,647,1,2025-09-12 09:25:04.188735+02:00,0,0.1347901076078415
760,497,1,2025-09-12 09:25:04.188735+02:00,1,0.5647155046463013
761,1351,1,2025-09-12 09:25:04.188735+02:00,0,0.035715505480766296
762,1046,1,2025-09-12 09:25:04.188735+02:00,0,0.007810976821929216
763,1191,1,2025-09-12 09:25:04.188735+02:00,0,0.020443568006157875
764,452,1,2025-09-12 09:25:04.188735+02:00,0,0.041139401495456696
765,1167,1,2025-09-12 09:25:04.188735+02:00,0,0.004659282974898815
766,1042,1,2025-09-12 09:25:04.188735+02:00,0,0.09065823256969452
767,1468,1,2025-09-12 09:25:04.188735+02:00,0,0.004204628989100456
768,665,1,2025-09-12 09:25:04.188735+02:00,0,0.010988559573888779
769,577,1,2025-09-12 09:25:04.188735+02:00,0,0.020420562475919724
770,550,1,2025-09-12 09:25:04.188735+02:00,0,0.08837360143661499
771,1439,1,2025-09-12 09:25:04.188735+02:00,1,0.836787760257721
772,807,1,2025-09-12 09:25:04.188735+02:00,0,0.11291950941085815
773,384,1,2025-09-12 09:25:04.188735+02:00,0,0.1501879096031189
774,1076,1,2025-09-12 09:25:04.188735+02:00,0,0.009425576776266098
775,700,1,2025-09-12 09:25:04.188735+02:00,0,0.018051564693450928
776,399,1,2025-09-12 09:25:04.188735+02:00,0,0.10646868497133255
777,852,1,2025-09-12 09:25:04.188735+02:00,0,0.06156349182128906
778,1143,1,2025-09-12 09:25:04.188735+02:00,1,0.5946362018585205
779,1174,1,2025-09-12 09:25:04.188735+02:00,0,0.006886274553835392
780,620,1,2025-09-12 09:25:04.188735+02:00,0,0.017989376559853554
781,518,1,2025-09-12 09:25:04.188735+02:00,0,0.013367348350584507
782,549,1,2025-09-12 09:25:04.188735+02:00,0,0.021981729194521904
783,268,1,2025-09-12 09:25:04.188735+02:00,0,0.004865625407546759
784,1092,1,2025-09-12 09:25:04.188735+02:00,0,0.016920702531933784
785,310,1,2025-09-12 09:25:04.188735+02:00,0,0.028210429474711418
786,214,1,2025-09-12 09:25:04.188735+02:00,0,0.053336650133132935
787,1369,1,2025-09-12 09:25:04.188735+02:00,0,0.05525438115000725
788,397,1,2025-09-12 09:25:04.188735+02:00,0,0.0030684960074722767
789,836,1,2025-09-12 09:25:04.188735+02:00,0,0.4980800151824951
790,1114,1,2025-09-12 09:25:04.188735+02:00,0,0.1309436708688736
791,20,1,2025-09-12 09:25:04.188735+02:00,0,0.004808470141142607
792,486,1,2025-09-12 09:25:04.188735+02:00,0,0.051220569759607315
793,330,1,2025-09-12 09:25:04.188735+02:00,0,0.004281712230294943
794,1419,1,2025-09-12 09:25:04.188735+02:00,0,0.10599685460329056
795,1462,1,2025-09-12 09:25:04.188735+02:00,0,0.32974973320961
796,1069,1,2025-09-12 09:25:04.188735+02:00,1,0.9846712946891785
797,137,1,2025-09-12 09:25:04.188735+02:00,1,0.5423261523246765
798,1250,1,2025-09-12 09:25:04.188735+02:00,1,0.9500255584716797
799,957,1,2025-09-12 09:25:04.188735+02:00,0,0.06415782868862152
800,745,1,2025-09-12 09:25:04.188735+02:00,0,0.2889818251132965
801,1162,1,2025-09-12 09:25:04.188735+02:00,0,0.0018867007456719875
802,996,1,2025-09-12 09:25:04.188735+02:00,1,0.6147211790084839
803,265,1,2025-09-12 09:25:04.188735+02:00,1,0.9255064129829407
804,405,1,2025-09-12 09:25:04.188735+02:00,0,0.05852252244949341
805,379,1,2025-09-12 09:25:04.188735+02:00,0,0.24496226012706757
806,1105,1,2025-09-12 09:25:04.188735+02:00,0,0.3673340678215027
807,292,1,2025-09-12 09:25:04.188735+02:00,0,0.4165845513343811
808,168,1,2025-09-12 09:25:04.188735+02:00,0,0.149727925658226
809,1383,1,2025-09-12 09:25:04.188735+02:00,0,0.007765384390950203
810,910,1,2025-09-12 09:25:04.188735+02:00,0,0.11972063034772873
811,1273,1,2025-09-12 09:25:04.188735+02:00,0,0.03242439031600952
812,238,1,2025-09-12 09:25:04.188735+02:00,0,0.26453933119773865
813,1396,1,2025-09-12 09:25:04.188735+02:00,0,0.4124961197376251
814,27,1,2025-09-12 09:25:04.188735+02:00,1,0.6566411852836609
815,883,1,2025-09-12 09:25:04.188735+02:00,0,0.06845268607139587
816,765,1,2025-09-12 09:25:04.188735+02:00,0,0.40516161918640137
817,942,1,2025-09-12 09:25:04.188735+02:00,0,0.38917413353919983
818,1399,1,2025-09-12 09:25:04.188735+02:00,0,0.000878997496329248
819,1299,1,2025-09-12 09:25:04.188735+02:00,0,0.014615697786211967
820,1093,1,2025-09-12 09:25:04.188735+02:00,0,0.03861840069293976
821,733,1,2025-09-12 09:25:04.188735+02:00,1,0.9276490807533264
822,382,1,2025-09-12 09:25:04.188735+02:00,1,0.5341470241546631
823,825,1,2025-09-12 09:25:04.188735+02:00,0,0.4267178773880005
824,335,1,2025-09-12 09:25:04.188735+02:00,0,0.012564031407237053
825,838,1,2025-09-12 09:25:04.188735+02:00,0,0.011570418253540993
826,555,1,2025-09-12 09:25:04.188735+02:00,0,0.13824380934238434
827,1073,1,2025-09-12 09:25:04.188735+02:00,0,0.022502606734633446
828,805,1,2025-09-12 09:25:04.188735+02:00,0,0.005315761547535658
829,554,1,2025-09-12 09:25:04.188735+02:00,0,0.03587595373392105
830,1388,1,2025-09-12 09:25:04.188735+02:00,0,0.028735658153891563
831,191,1,2025-09-12 09:25:04.188735+02:00,0,0.10442838817834854
832,815,1,2025-09-12 09:25:04.188735+02:00,0,0.1104341372847557
833,833,1,2025-09-12 09:25:04.188735+02:00,0,0.003113736631348729
834,1178,1,2025-09-12 09:25:04.188735+02:00,0,0.008492395281791687
835,295,1,2025-09-12 09:25:04.188735+02:00,0,0.04415184631943703
836,11,1,2025-09-12 09:25:04.188735+02:00,0,0.06259111315011978
837,228,1,2025-09-12 09:25:04.188735+02:00,0,0.046418607234954834
838,135,1,2025-09-12 09:25:04.188735+02:00,0,0.05823010206222534
839,39,1,2025-09-12 09:25:04.188735+02:00,0,0.05518238991498947
840,1047,1,2025-09-12 09:25:04.188735+02:00,0,0.19375364482402802
841,1210,1,2025-09-12 09:25:04.188735+02:00,0,0.04404330626130104
842,882,1,2025-09-12 09:25:04.188735+02:00,0,0.11657494306564331
843,834,1,2025-09-12 09:25:04.188735+02:00,0,0.02027405984699726
844,508,1,2025-09-12 09:25:04.188735+02:00,0,0.020954200997948647
845,662,1,2025-09-12 09:25:04.188735+02:00,0,0.05161640793085098
846,1222,1,2025-09-12 09:25:04.188735+02:00,0,0.0598432756960392
847,1031,1,2025-09-12 09:25:04.188735+02:00,0,0.03852909803390503
848,471,1,2025-09-12 09:25:04.188735+02:00,0,0.08534815162420273
849,1033,1,2025-09-12 09:25:04.188735+02:00,1,0.8801687955856323
850,255,1,2025-09-12 09:25:04.188735+02:00,0,0.028864162042737007
851,1125,1,2025-09-12 09:25:04.188735+02:00,0,0.04533354938030243
852,1019,1,2025-09-12 09:25:04.188735+02:00,0,0.1945074051618576
853,465,1,2025-09-12 09:25:04.188735+02:00,0,0.012879160232841969
854,1304,1,2025-09-12 09:25:04.188735+02:00,0,0.03369518369436264
855,1377,1,2025-09-12 09:25:04.188735+02:00,0,0.008229195140302181
856,563,1,2025-09-12 09:25:04.188735+02:00,0,0.17739903926849365
857,66,1,2025-09-12 09:25:04.188735+02:00,0,0.005406866781413555
858,827,1,2025-09-12 09:25:04.188735+02:00,0,0.037999533116817474
859,1400,1,2025-09-12 09:25:04.188735+02:00,0,0.011697358451783657
860,479,1,2025-09-12 09:25:04.188735+02:00,0,0.37812724709510803
861,640,1,2025-09-12 09:25:04.188735+02:00,0,0.12385593354701996
862,160,1,2025-09-12 09:25:04.188735+02:00,0,0.0637996718287468
863,89,1,2025-09-12 09:25:04.188735+02:00,0,0.010995832271873951
864,284,1,2025-09-12 09:25:04.188735+02:00,0,0.10254739224910736
865,512,1,2025-09-12 09:25:04.188735+02:00,0,0.05957411974668503
866,1104,1,2025-09-12 09:25:04.188735+02:00,0,0.027636298909783363
867,779,1,2025-09-12 09:25:04.188735+02:00,0,0.0815386101603508
868,1085,1,2025-09-12 09:25:04.188735+02:00,0,0.27442437410354614
869,442,1,2025-09-12 09:25:04.188735+02:00,0,0.06795515865087509
870,57,1,2025-09-12 09:25:04.188735+02:00,0,0.2838117778301239
871,1243,1,2025-09-12 09:25:04.188735+02:00,0,0.07929585129022598
872,239,1,2025-09-12 09:25:04.188735+02:00,0,0.10566366463899612
873,288,1,2025-09-12 09:25:04.188735+02:00,0,0.0011378792114555836
874,31,1,2025-09-12 09:25:04.188735+02:00,0,0.3719281256198883
875,738,1,2025-09-12 09:25:04.188735+02:00,0,0.013133483938872814
876,1375,1,2025-09-12 09:25:04.188735+02:00,0,0.09523797780275345
877,817,1,2025-09-12 09:25:04.188735+02:00,1,0.6065542697906494
878,949,1,2025-09-12 09:25:04.188735+02:00,0,0.026802875101566315
879,1308,1,2025-09-12 09:25:04.188735+02:00,0,0.015375609509646893
880,505,1,2025-09-12 09:25:04.188735+02:00,1,0.7647845149040222
881,34,1,2025-09-12 09:25:04.188735+02:00,0,0.37294089794158936
882,12,1,2025-09-12 09:25:04.188735+02:00,0,0.18278248608112335
883,1469,1,2025-09-12 09:25:04.188735+02:00,0,0.29746580123901367
884,321,1,2025-09-12 09:25:04.188735+02:00,0,0.09423498809337616
885,324,1,2025-09-12 09:25:04.188735+02:00,1,0.5280534029006958
886,684,1,2025-09-12 09:25:04.188735+02:00,1,0.6558113694190979
887,1337,1,2025-09-12 09:25:04.188735+02:00,0,0.0816742330789566
888,18,1,2025-09-12 09:25:04.188735+02:00,0,0.1625988632440567
889,614,1,2025-09-12 09:25:04.188735+02:00,0,0.013043507002294064
890,139,1,2025-09-12 09:25:04.188735+02:00,0,0.42963290214538574
891,848,1,2025-09-12 09:25:04.188735+02:00,0,0.013553929515182972
892,1207,1,2025-09-12 09:25:04.188735+02:00,0,0.015062438324093819
893,143,1,2025-09-12 09:25:04.188735+02:00,0,0.11544247716665268
894,594,1,2025-09-12 09:25:04.188735+02:00,0,0.00432055676355958
895,424,1,2025-09-12 09:25:04.188735+02:00,0,0.2902373969554901
896,381,1,2025-09-12 09:25:04.188735+02:00,0,0.006570321973413229
897,1437,1,2025-09-12 09:25:04.188735+02:00,0,0.20233780145645142
898,927,1,2025-09-12 09:25:04.188735+02:00,0,0.20089027285575867
899,408,1,2025-09-12 09:25:04.188735+02:00,0,0.021848317235708237
900,466,1,2025-09-12 09:25:04.188735+02:00,0,0.21163195371627808
901,1251,1,2025-09-12 09:25:04.188735+02:00,0,0.019076544791460037
902,250,1,2025-09-12 09:25:04.188735+02:00,0,0.014248119667172432
903,1225,1,2025-09-12 09:25:04.188735+02:00,0,0.12430714070796967
904,918,1,2025-09-12 09:25:04.188735+02:00,0,0.3260011076927185
905,64,1,2025-09-12 09:25:04.188735+02:00,1,0.7727022171020508
906,1200,1,2025-09-12 09:25:04.188735+02:00,0,0.0383373461663723
907,1109,1,2025-09-12 09:25:04.188735+02:00,0,0.29143092036247253
908,1298,1,2025-09-12 09:25:04.188735+02:00,0,0.10714159905910492
909,777,1,2025-09-12 09:25:04.188735+02:00,0,0.42286935448646545
910,582,1,2025-09-12 09:25:04.188735+02:00,0,0.057596202939748764
911,898,1,2025-09-12 09:25:04.188735+02:00,0,0.12073241919279099
912,102,1,2025-09-12 09:25:04.188735+02:00,0,0.18925878405570984
913,315,1,2025-09-12 09:25:04.188735+02:00,0,0.028781941160559654
914,1014,1,2025-09-12 09:25:04.188735+02:00,0,0.0310374703258276
915,796,1,2025-09-12 09:25:04.188735+02:00,0,0.013953342102468014
916,2,1,2025-09-12 09:25:04.188735+02:00,0,0.06565264612436295
917,72,1,2025-09-12 09:25:04.188735+02:00,0,0.0035154230426996946
918,234,1,2025-09-12 09:25:04.188735+02:00,0,0.02038353495299816
919,177,1,2025-09-12 09:25:04.188735+02:00,0,0.06637889891862869
920,1263,1,2025-09-12 09:25:04.188735+02:00,1,0.5512970089912415
921,1373,1,2025-09-12 09:25:04.188735+02:00,0,0.02486378513276577
922,843,1,2025-09-12 09:25:04.188735+02:00,1,0.8329769968986511
923,346,1,2025-09-12 09:25:04.188735+02:00,0,0.026322530582547188
924,841,1,2025-09-12 09:25:04.188735+02:00,0,0.04882430657744408
925,1451,1,2025-09-12 09:25:04.188735+02:00,0,0.04076087847352028
926,1394,1,2025-09-12 09:25:04.188735+02:00,0,0.020355207845568657
927,1281,1,2025-09-12 09:25:04.188735+02:00,0,0.11317713558673859
928,1150,1,2025-09-12 09:25:04.188735+02:00,0,0.14258089661598206
929,696,1,2025-09-12 09:25:04.188735+02:00,1,0.8890852928161621
930,459,1,2025-09-12 09:25:04.188735+02:00,0,0.2354099601507187
931,938,1,2025-09-12 09:25:04.188735+02:00,0,0.00349001819267869
932,1063,1,2025-09-12 09:25:04.188735+02:00,0,0.23294317722320557
933,627,1,2025-09-12 09:25:04.188735+02:00,0,0.03621968999505043
934,444,1,2025-09-12 09:25:04.188735+02:00,1,0.9122592806816101
935,391,1,2025-09-12 09:25:04.188735+02:00,0,0.017047634348273277
936,274,1,2025-09-12 09:25:04.188735+02:00,0,0.0009223013767041266
937,1023,1,2025-09-12 09:25:04.188735+02:00,0,0.33576974272727966
938,1140,1,2025-09-12 09:25:04.188735+02:00,0,0.002790971891954541
939,320,1,2025-09-12 09:25:04.188735+02:00,1,0.52427738904953
940,426,1,2025-09-12 09:25:04.188735+02:00,0,0.03681829571723938
941,412,1,2025-09-12 09:25:04.188735+02:00,0,0.21511302888393402
942,1194,1,2025-09-12 09:25:04.188735+02:00,0,0.15995407104492188
943,741,1,2025-09-12 09:25:04.188735+02:00,0,0.16357393562793732
944,651,1,2025-09-12 09:25:04.188735+02:00,0,0.01002928614616394
945,1428,1,2025-09-12 09:25:04.188735+02:00,0,0.1422319859266281
946,46,1,2025-09-12 09:25:04.188735+02:00,0,0.4837323725223541
947,83,1,2025-09-12 09:25:04.188735+02:00,0,0.2005823254585266
948,919,1,2025-09-12 09:25:04.188735+02:00,0,0.06964042037725449
949,851,1,2025-09-12 09:25:04.188735+02:00,0,0.2026510238647461
950,1219,1,2025-09-12 09:25:04.188735+02:00,0,0.36342722177505493
951,361,1,2025-09-12 09:25:04.188735+02:00,0,0.021249663084745407
952,1246,1,2025-09-12 09:25:04.188735+02:00,0,0.20844386518001556
953,1386,1,2025-09-12 09:25:04.188735+02:00,0,0.023247651755809784
954,687,1,2025-09-12 09:25:04.188735+02:00,0,0.15173673629760742
955,474,1,2025-09-12 09:25:04.188735+02:00,0,0.011924771592020988
956,631,1,2025-09-12 09:25:04.188735+02:00,0,0.025016820058226585
957,73,1,2025-09-12 09:25:04.188735+02:00,0,0.434632807970047
958,182,1,2025-09-12 09:25:04.188735+02:00,0,0.0686439648270607
959,40,1,2025-09-12 09:25:04.188735+02:00,0,0.022908158600330353
960,355,1,2025-09-12 09:25:04.188735+02:00,0,0.31670963764190674
961,1407,1,2025-09-12 09:25:04.188735+02:00,0,0.07627782970666885
962,277,1,2025-09-12 09:25:04.188735+02:00,0,0.0072199939750134945
963,261,1,2025-09-12 09:25:04.188735+02:00,0,0.23296819627285004
964,348,1,2025-09-12 09:25:04.188735+02:00,1,0.602274477481842
965,984,1,2025-09-12 09:25:04.188735+02:00,0,0.030493514612317085
966,1064,1,2025-09-12 09:25:04.188735+02:00,0,0.06339698284864426
967,1215,1,2025-09-12 09:25:04.188735+02:00,0,0.0017552098724991083
968,868,1,2025-09-12 09:25:04.188735+02:00,0,0.012209668755531311
969,965,1,2025-09-12 09:25:04.188735+02:00,0,0.145925834774971
970,332,1,2025-09-12 09:25:04.188735+02:00,0,0.006531057879328728
971,730,1,2025-09-12 09:25:04.188735+02:00,0,0.05584549903869629
972,1223,1,2025-09-12 09:25:04.188735+02:00,1,0.5440449714660645
973,1232,1,2025-09-12 09:25:04.188735+02:00,0,0.01923440769314766
974,484,1,2025-09-12 09:25:04.188735+02:00,0,0.10974891483783722
975,1358,1,2025-09-12 09:25:04.188735+02:00,0,0.00830089207738638
976,569,1,2025-09-12 09:25:04.188735+02:00,0,0.06705492734909058
977,507,1,2025-09-12 09:25:04.188735+02:00,0,0.012177923694252968
978,1276,1,2025-09-12 09:25:04.188735+02:00,0,0.24120482802391052
979,596,1,2025-09-12 09:25:04.188735+02:00,0,0.18808628618717194
980,233,1,2025-09-12 09:25:04.188735+02:00,0,0.40236562490463257
981,1082,1,2025-09-12 09:25:04.188735+02:00,0,0.027013344690203667
982,485,1,2025-09-12 09:25:04.188735+02:00,0,0.006758189294487238
983,1258,1,2025-09-12 09:25:04.188735+02:00,1,0.8701471090316772
984,226,1,2025-09-12 09:25:04.188735+02:00,0,0.07525219023227692
985,500,1,2025-09-12 09:25:04.188735+02:00,0,0.03718675673007965
986,1152,1,2025-09-12 09:25:04.188735+02:00,0,0.046514105051755905
987,13,1,2025-09-12 09:25:04.188735+02:00,0,0.043004900217056274
988,1226,1,2025-09-12 09:25:04.188735+02:00,0,0.09316308051347733
989,91,1,2025-09-12 09:25:04.188735+02:00,0,0.046157777309417725
990,642,1,2025-09-12 09:25:04.188735+02:00,0,0.03260359913110733
991,1359,1,2025-09-12 09:25:04.188735+02:00,0,0.006444978062063456
992,770,1,2025-09-12 09:25:04.188735+02:00,0,0.033143702894449234
993,433,1,2025-09-12 09:25:04.188735+02:00,0,0.01317355502396822
994,540,1,2025-09-12 09:25:04.188735+02:00,0,0.08302392810583115
995,293,1,2025-09-12 09:25:04.188735+02:00,0,0.2627039849758148
996,1450,1,2025-09-12 09:25:04.188735+02:00,0,0.25406813621520996
997,1449,1,2025-09-12 09:25:04.188735+02:00,0,0.04474635422229767
998,543,1,2025-09-12 09:25:04.188735+02:00,0,0.010052786208689213
999,365,1,2025-09-12 09:25:04.188735+02:00,0,0.05288630723953247
1000,869,1,2025-09-12 09:25:04.188735+02:00,0,0.10809759795665741
1001,532,1,2025-09-12 09:25:04.188735+02:00,0,0.009920655749738216
1002,837,1,2025-09-12 09:25:04.188735+02:00,0,0.3519071638584137
1003,976,1,2025-09-12 09:25:04.188735+02:00,1,0.6031478643417358
1004,897,1,2025-09-12 09:25:04.188735+02:00,0,0.07426261901855469
1005,152,1,2025-09-12 09:25:04.188735+02:00,0,0.017488185316324234
1006,719,1,2025-09-12 09:25:04.188735+02:00,0,0.03104376792907715
1007,536,1,2025-09-12 09:25:04.188735+02:00,0,0.04544472694396973
1008,475,1,2025-09-12 09:25:04.188735+02:00,0,0.012734458781778812
1009,462,1,2025-09-12 09:25:04.188735+02:00,0,0.07141909003257751
1010,5,1,2025-09-12 09:25:04.188735+02:00,0,0.12775525450706482
1011,461,1,2025-09-12 09:25:04.188735+02:00,0,0.2801959812641144
1012,789,1,2025-09-12 09:25:04.188735+02:00,0,0.08896138519048691
1013,499,1,2025-09-12 09:25:04.188735+02:00,0,0.06809945404529572
1014,340,1,2025-09-12 09:25:04.188735+02:00,0,0.04274436831474304
1015,593,1,2025-09-12 09:25:04.188735+02:00,0,0.01564149744808674
1016,1007,1,2025-09-12 09:25:04.188735+02:00,1,0.969253420829773
1017,498,1,2025-09-12 09:25:04.188735+02:00,0,0.0035219439305365086
1018,661,1,2025-09-12 09:25:04.188735+02:00,1,0.5819753408432007
1019,1321,1,2025-09-12 09:25:04.188735+02:00,0,0.0556594543159008
1020,1340,1,2025-09-12 09:25:04.188735+02:00,1,0.7681461572647095
1021,392,1,2025-09-12 09:25:04.188735+02:00,0,0.08997651934623718
1022,1417,1,2025-09-12 09:25:04.188735+02:00,0,0.010018601082265377
1023,1011,1,2025-09-12 09:25:04.188735+02:00,0,0.008498468436300755
1024,994,1,2025-09-12 09:25:04.188735+02:00,0,0.20956183969974518
1025,979,1,2025-09-12 09:25:04.188735+02:00,0,0.005551369395107031
1026,1435,1,2025-09-12 09:25:04.188735+02:00,0,0.17829731106758118
1027,1357,1,2025-09-12 09:25:04.188735+02:00,0,0.006098579615354538
1028,1184,1,2025-09-12 09:25:04.188735+02:00,0,0.003618034068495035
1029,1186,1,2025-09-12 09:25:04.188735+02:00,0,0.016527719795703888
1030,1387,1,2025-09-12 09:25:04.188735+02:00,0,0.3369637429714203
1031,519,1,2025-09-12 09:25:04.188735+02:00,0,0.033621273934841156
1032,846,1,2025-09-12 09:25:04.188735+02:00,0,0.18872499465942383
1033,432,1,2025-09-12 09:25:04.188735+02:00,1,0.6815862655639648
1034,673,1,2025-09-12 09:25:04.188735+02:00,0,0.2782510817050934
1035,931,1,2025-09-12 09:25:04.188735+02:00,1,0.776826024055481
1036,656,1,2025-09-12 09:25:04.188735+02:00,0,0.04266365244984627
1037,625,1,2025-09-12 09:25:04.188735+02:00,0,0.17422203719615936
1038,254,1,2025-09-12 09:25:04.188735+02:00,0,0.20178788900375366
1039,1292,1,2025-09-12 09:25:04.188735+02:00,0,0.23614300787448883
1040,1203,1,2025-09-12 09:25:04.188735+02:00,0,0.04525729641318321
1041,96,1,2025-09-12 09:25:04.188735+02:00,0,0.08525048941373825
1042,581,1,2025-09-12 09:25:04.188735+02:00,0,0.05672501027584076
1043,818,1,2025-09-12 09:25:04.188735+02:00,0,0.030867256224155426
1044,396,1,2025-09-12 09:25:04.188735+02:00,0,0.05717795342206955
1045,820,1,2025-09-12 09:25:04.188735+02:00,0,0.41822364926338196
1046,679,1,2025-09-12 09:25:04.188735+02:00,0,0.3621330261230469
1047,107,1,2025-09-12 09:25:04.188735+02:00,0,0.06787705421447754
1048,935,1,2025-09-12 09:25:04.188735+02:00,0,0.200511172413826
1049,493,1,2025-09-12 09:25:04.188735+02:00,0,0.022143619135022163
1050,1148,1,2025-09-12 09:25:04.188735+02:00,0,0.11615082621574402
1051,937,1,2025-09-12 09:25:04.188735+02:00,0,0.15212717652320862
1052,775,1,2025-09-12 09:25:04.188735+02:00,0,0.11181239783763885
1053,1378,1,2025-09-12 09:25:04.188735+02:00,0,0.02003796026110649
1054,654,1,2025-09-12 09:25:04.188735+02:00,0,0.036297377198934555
1055,576,1,2025-09-12 09:25:04.188735+02:00,0,0.02299502305686474
1056,1001,1,2025-09-12 09:25:04.188735+02:00,1,0.5071106553077698
1057,759,1,2025-09-12 09:25:04.188735+02:00,0,0.0832771435379982
1058,1183,1,2025-09-12 09:25:04.188735+02:00,0,0.0038024724926799536
1059,258,1,2025-09-12 09:25:04.188735+02:00,0,0.00382417649962008
1060,398,1,2025-09-12 09:25:04.188735+02:00,0,0.0939437597990036
1061,19,1,2025-09-12 09:25:04.188735+02:00,0,0.09062959253787994
1062,966,1,2025-09-12 09:25:04.188735+02:00,0,0.08958472311496735
1063,215,1,2025-09-12 09:25:04.188735+02:00,0,0.41080594062805176
1064,1370,1,2025-09-12 09:25:04.188735+02:00,1,0.6800662279129028
1065,1457,1,2025-09-12 09:25:04.188735+02:00,0,0.006565931253135204
1066,635,1,2025-09-12 09:25:04.188735+02:00,0,0.06205510348081589
1067,317,1,2025-09-12 09:25:04.188735+02:00,0,0.15536469221115112
1068,37,1,2025-09-12 09:25:04.188735+02:00,1,0.7353035807609558
1069,1135,1,2025-09-12 09:25:04.188735+02:00,0,0.07356887310743332
1070,421,1,2025-09-12 09:25:04.188735+02:00,0,0.0152892442420125
1071,1062,1,2025-09-12 09:25:04.188735+02:00,0,0.34489619731903076
1072,1447,1,2025-09-12 09:25:04.188735+02:00,0,0.07160991430282593
1073,164,1,2025-09-12 09:25:04.188735+02:00,0,0.027472926303744316
1074,1448,1,2025-09-12 09:25:04.188735+02:00,0,0.05242070555686951
1075,326,1,2025-09-12 09:25:04.188735+02:00,0,0.05912399664521217
1076,704,1,2025-09-12 09:25:04.188735+02:00,0,0.03825661912560463
1077,78,1,2025-09-12 09:25:04.188735+02:00,0,0.01674431934952736
1078,1328,1,2025-09-12 09:25:04.188735+02:00,0,0.08126470446586609
1079,1202,1,2025-09-12 09:25:04.188735+02:00,1,0.5982239842414856
1080,133,1,2025-09-12 09:25:04.188735+02:00,1,0.7009809613227844
1081,279,1,2025-09-12 09:25:04.188735+02:00,0,0.025318970903754234
1082,1107,1,2025-09-12 09:25:04.188735+02:00,1,0.5918048024177551
1083,100,1,2025-09-12 09:25:04.188735+02:00,0,0.1007036343216896
1084,755,1,2025-09-12 09:25:04.188735+02:00,0,0.20043526589870453
1085,638,1,2025-09-12 09:25:04.188735+02:00,0,0.023915478959679604
1086,492,1,2025-09-12 09:25:04.188735+02:00,0,0.02330290526151657
1087,1220,1,2025-09-12 09:25:04.188735+02:00,0,0.024816421791911125
1088,1343,1,2025-09-12 09:25:04.188735+02:00,0,0.007182782050222158
1089,158,1,2025-09-12 09:25:04.188735+02:00,0,0.2304917275905609
1090,172,1,2025-09-12 09:25:04.188735+02:00,1,0.9771265387535095
1091,403,1,2025-09-12 09:25:04.188735+02:00,1,0.5271217823028564
1092,170,1,2025-09-12 09:25:04.188735+02:00,0,0.1652386337518692
1093,55,1,2025-09-12 09:25:04.188735+02:00,0,0.20510423183441162
1094,1355,1,2025-09-12 09:25:04.188735+02:00,1,0.5922316908836365
1095,374,1,2025-09-12 09:25:04.188735+02:00,0,0.03627045825123787
1096,244,1,2025-09-12 09:25:04.188735+02:00,0,0.028853191062808037
1097,1361,1,2025-09-12 09:25:04.188735+02:00,0,0.4819599986076355
1098,128,1,2025-09-12 09:25:04.188735+02:00,1,0.8919286727905273
1099,38,1,2025-09-12 09:25:04.188735+02:00,0,0.05909506604075432
1100,1236,1,2025-09-12 09:25:04.188735+02:00,0,0.021261051297187805
1101,353,1,2025-09-12 09:25:04.188735+02:00,0,0.16707345843315125
1102,722,1,2025-09-12 09:25:04.188735+02:00,0,0.035341110080480576
1103,1330,1,2025-09-12 09:25:04.188735+02:00,0,0.37933820486068726
1104,1078,1,2025-09-12 09:25:04.188735+02:00,1,0.9308059811592102
1105,646,1,2025-09-12 09:25:04.188735+02:00,1,0.5364340543746948
1106,1157,1,2025-09-12 09:25:04.188735+02:00,0,0.17512015998363495
1107,725,1,2025-09-12 09:25:04.188735+02:00,0,0.008654747158288956
1108,195,1,2025-09-12 09:25:04.188735+02:00,0,0.015449737198650837
1109,129,1,2025-09-12 09:25:04.188735+02:00,0,0.08294689655303955
1110,1106,1,2025-09-12 09:25:04.188735+02:00,0,0.11445821821689606
1111,744,1,2025-09-12 09:25:04.188735+02:00,0,0.16280734539031982
1112,985,1,2025-09-12 09:25:04.188735+02:00,0,0.23405463993549347
1113,1230,1,2025-09-12 09:25:04.188735+02:00,0,0.026819534599781036
1114,1430,1,2025-09-12 09:25:04.188735+02:00,0,0.09398439526557922
1115,707,1,2025-09-12 09:25:04.188735+02:00,1,0.7574885487556458
1116,1402,1,2025-09-12 09:25:04.188735+02:00,0,0.058579180389642715
1117,971,1,2025-09-12 09:25:04.188735+02:00,0,0.10118696093559265
1118,930,1,2025-09-12 09:25:04.188735+02:00,0,0.049268729984760284
1119,551,1,2025-09-12 09:25:04.188735+02:00,0,0.09041096270084381
1120,1332,1,2025-09-12 09:25:04.188735+02:00,0,0.07921572774648666
1121,903,1,2025-09-12 09:25:04.188735+02:00,0,0.0729321539402008
1122,179,1,2025-09-12 09:25:04.188735+02:00,0,0.15184320509433746
1123,1443,1,2025-09-12 09:25:04.188735+02:00,0,0.1713784784078598
1124,855,1,2025-09-12 09:25:04.188735+02:00,0,0.08201751112937927
1125,1138,1,2025-09-12 09:25:04.188735+02:00,0,0.23426353931427002
1126,877,1,2025-09-12 09:25:04.188735+02:00,0,0.09111001342535019
1127,571,1,2025-09-12 09:25:04.188735+02:00,0,0.023480325937271118
1128,959,1,2025-09-12 09:25:04.188735+02:00,0,0.009259833954274654
1129,693,1,2025-09-12 09:25:04.188735+02:00,0,0.028368929401040077
1130,1368,1,2025-09-12 09:25:04.188735+02:00,0,0.2257382869720459
1131,370,1,2025-09-12 09:25:04.188735+02:00,0,0.10581011325120926
1132,622,1,2025-09-12 09:25:04.188735+02:00,0,0.010265070013701916
1133,48,1,2025-09-12 09:25:04.188735+02:00,0,0.30614256858825684
1134,967,1,2025-09-12 09:25:04.188735+02:00,1,0.8487505912780762
1135,821,1,2025-09-12 09:25:04.188735+02:00,0,0.017774062231183052
1136,732,1,2025-09-12 09:25:04.188735+02:00,1,0.8722175359725952
1137,1099,1,2025-09-12 09:25:04.188735+02:00,0,0.0012204149970784783
1138,204,1,2025-09-12 09:25:04.188735+02:00,0,0.016551228240132332
1139,356,1,2025-09-12 09:25:04.188735+02:00,0,0.019275235012173653
1140,299,1,2025-09-12 09:25:04.188735+02:00,0,0.03185167908668518
1141,95,1,2025-09-12 09:25:04.188735+02:00,0,0.19265465438365936
1142,871,1,2025-09-12 09:25:04.188735+02:00,0,0.06420474499464035
1143,623,1,2025-09-12 09:25:04.188735+02:00,0,0.05606726184487343
1144,329,1,2025-09-12 09:25:04.188735+02:00,0,0.30725860595703125
1145,751,1,2025-09-12 09:25:04.188735+02:00,0,0.06478673964738846
1146,1224,1,2025-09-12 09:25:04.188735+02:00,1,0.9246494174003601
1147,828,1,2025-09-12 09:25:04.188735+02:00,0,0.046566154807806015
1148,454,1,2025-09-12 09:25:04.188735+02:00,0,0.3522760272026062
1149,180,1,2025-09-12 09:25:04.188735+02:00,0,0.05228569358587265
1150,127,1,2025-09-12 09:25:04.188735+02:00,0,0.4037548303604126
1151,939,1,2025-09-12 09:25:04.188735+02:00,0,0.21989068388938904
1152,1133,1,2025-09-12 09:25:04.188735+02:00,0,0.029355263337492943
1153,1422,1,2025-09-12 09:25:04.188735+02:00,0,0.04420660436153412
1154,1303,1,2025-09-12 09:25:04.188735+02:00,0,0.11453678458929062
1155,439,1,2025-09-12 09:25:04.188735+02:00,0,0.005825535394251347
1156,669,1,2025-09-12 09:25:04.188735+02:00,0,0.03573170304298401
1157,675,1,2025-09-12 09:25:04.188735+02:00,0,0.062417127192020416
1158,991,1,2025-09-12 09:25:04.188735+02:00,0,0.07271485775709152
1159,117,1,2025-09-12 09:25:04.188735+02:00,0,0.030825939029455185
1160,1338,1,2025-09-12 09:25:04.188735+02:00,0,0.22255907952785492
1161,709,1,2025-09-12 09:25:04.188735+02:00,0,0.018563054502010345
1162,438,1,2025-09-12 09:25:04.188735+02:00,0,0.31970030069351196
1163,1470,1,2025-09-12 09:25:04.188735+02:00,0,0.13968801498413086
1164,708,1,2025-09-12 09:25:04.188735+02:00,0,0.007366794627159834
1165,1110,1,2025-09-12 09:25:04.188735+02:00,0,0.13652437925338745
1166,1151,1,2025-09-12 09:25:04.188735+02:00,0,0.11371172964572906
1167,309,1,2025-09-12 09:25:04.188735+02:00,0,0.008236569352447987
1168,795,1,2025-09-12 09:25:04.188735+02:00,0,0.022343838587403297
1169,349,1,2025-09-12 09:25:04.188735+02:00,0,0.04410487413406372
1170,363,1,2025-09-12 09:25:04.188735+02:00,0,0.245985746383667
1171,341,1,2025-09-12 09:25:04.188735+02:00,0,0.0019772846717387438
1172,1096,1,2025-09-12 09:25:04.188735+02:00,0,0.07199812680482864
1173,632,1,2025-09-12 09:25:04.188735+02:00,0,0.01932402513921261
1174,286,1,2025-09-12 09:25:04.188735+02:00,0,0.016733935102820396
1175,409,1,2025-09-12 09:25:04.188735+02:00,0,0.011858292855322361
1176,1154,1,2025-09-12 09:25:04.188735+02:00,1,0.777401328086853
1177,676,1,2025-09-12 09:25:04.188735+02:00,0,0.31956374645233154
1178,1376,1,2025-09-12 09:25:04.188735+02:00,1,0.8582913875579834
1179,986,1,2025-09-12 09:25:04.188735+02:00,0,0.10052800178527832
1180,950,1,2025-09-12 09:25:04.188735+02:00,0,0.08785786479711533
1181,717,1,2025-09-12 09:25:04.188735+02:00,0,0.016842853277921677
1182,799,1,2025-09-12 09:25:04.188735+02:00,1,0.868292510509491
1183,691,1,2025-09-12 09:25:04.188735+02:00,0,0.10049106925725937
1184,389,1,2025-09-12 09:25:04.188735+02:00,0,0.06764588505029678
1185,767,1,2025-09-12 09:25:04.188735+02:00,0,0.2787109315395355
1186,641,1,2025-09-12 09:25:04.188735+02:00,0,0.04267367348074913
1187,702,1,2025-09-12 09:25:04.188735+02:00,0,0.017163198441267014
1188,205,1,2025-09-12 09:25:04.188735+02:00,0,0.14514799416065216
1189,1067,1,2025-09-12 09:25:04.188735+02:00,0,0.3143039643764496
1190,197,1,2025-09-12 09:25:04.188735+02:00,0,0.1391652375459671
1191,1103,1,2025-09-12 09:25:04.188735+02:00,0,0.10278104990720749
1192,750,1,2025-09-12 09:25:04.188735+02:00,1,0.6914023160934448
1193,447,1,2025-09-12 09:25:04.188735+02:00,0,0.004012215416878462
1194,114,1,2025-09-12 09:25:04.188735+02:00,0,0.03208841755986214
1195,558,1,2025-09-12 09:25:04.188735+02:00,0,0.018630338832736015
1196,156,1,2025-09-12 09:25:04.188735+02:00,0,0.054956886917352676
1197,1385,1,2025-09-12 09:25:04.188735+02:00,0,0.24303480982780457
1198,951,1,2025-09-12 09:25:04.188735+02:00,0,0.04581315070390701
1199,934,1,2025-09-12 09:25:04.188735+02:00,1,0.7495546340942383
1200,1020,1,2025-09-12 09:25:04.188735+02:00,0,0.3540976047515869
1201,269,1,2025-09-12 09:25:04.188735+02:00,0,0.053272832185029984
1202,249,1,2025-09-12 09:25:04.188735+02:00,0,0.1754755675792694
1203,1446,1,2025-09-12 09:25:04.188735+02:00,0,0.07328476011753082
1204,534,1,2025-09-12 09:25:04.188735+02:00,0,0.08608538657426834
1205,194,1,2025-09-12 09:25:04.188735+02:00,0,0.0019014178542420268
1206,430,1,2025-09-12 09:25:04.188735+02:00,0,0.027576789259910583
1207,964,1,2025-09-12 09:25:04.188735+02:00,0,0.017049944028258324
1208,844,1,2025-09-12 09:25:04.188735+02:00,0,0.031519338488578796
1209,835,1,2025-09-12 09:25:04.188735+02:00,0,0.10409575700759888
1210,316,1,2025-09-12 09:25:04.188735+02:00,0,0.07374752312898636
1211,688,1,2025-09-12 09:25:04.188735+02:00,0,0.014496575109660625
1212,520,1,2025-09-12 09:25:04.188735+02:00,0,0.014498911798000336
1213,132,1,2025-09-12 09:25:04.188735+02:00,0,0.3259730935096741
1214,1216,1,2025-09-12 09:25:04.188735+02:00,0,0.0859031155705452
1215,721,1,2025-09-12 09:25:04.188735+02:00,1,0.6775076389312744
1216,1072,1,2025-09-12 09:25:04.188735+02:00,0,0.1947021335363388
1217,1362,1,2025-09-12 09:25:04.188735+02:00,0,0.024873975664377213
1218,457,1,2025-09-12 09:25:04.188735+02:00,0,0.014502884820103645
1219,67,1,2025-09-12 09:25:04.188735+02:00,0,0.06027274951338768
1220,352,1,2025-09-12 09:25:04.188735+02:00,0,0.036385223269462585
1221,395,1,2025-09-12 09:25:04.188735+02:00,0,0.06647267192602158
1222,947,1,2025-09-12 09:25:04.188735+02:00,0,0.44289708137512207
1223,761,1,2025-09-12 09:25:04.188735+02:00,0,0.36196276545524597
1224,703,1,2025-09-12 09:25:04.188735+02:00,0,0.07141118496656418
1225,1066,1,2025-09-12 09:25:04.188735+02:00,0,0.01975524239242077
1226,567,1,2025-09-12 09:25:04.188735+02:00,0,0.4893036484718323
1227,224,1,2025-09-12 09:25:04.188735+02:00,0,0.08358336240053177
1228,735,1,2025-09-12 09:25:04.188735+02:00,1,0.5885264873504639
1229,660,1,2025-09-12 09:25:04.188735+02:00,0,0.13099873065948486
1230,658,1,2025-09-12 09:25:04.188735+02:00,0,0.11378633230924606
1231,1325,1,2025-09-12 09:25:04.188735+02:00,0,0.0039743343368172646
1232,1247,1,2025-09-12 09:25:04.188735+02:00,1,0.6969483494758606
1233,955,1,2025-09-12 09:25:04.188735+02:00,0,0.008050011470913887
1234,50,1,2025-09-12 09:25:04.188735+02:00,0,0.047648463398218155
1235,586,1,2025-09-12 09:25:04.188735+02:00,0,0.3225412368774414
1236,513,1,2025-09-12 09:25:04.188735+02:00,0,0.14200368523597717
1237,51,1,2025-09-12 09:25:04.188735+02:00,1,0.8721091151237488
1238,1132,1,2025-09-12 09:25:04.188735+02:00,0,0.13015905022621155
1239,460,1,2025-09-12 09:25:04.188735+02:00,0,0.02227293699979782
1240,69,1,2025-09-12 09:25:04.188735+02:00,0,0.14863541722297668
1241,529,1,2025-09-12 09:25:04.188735+02:00,0,0.2856924533843994
1242,203,1,2025-09-12 09:25:04.188735+02:00,0,0.0072481087408959866
1243,441,1,2025-09-12 09:25:04.188735+02:00,1,0.8004205226898193
1244,385,1,2025-09-12 09:25:04.188735+02:00,0,0.19574813544750214
1245,393,1,2025-09-12 09:25:04.188735+02:00,0,0.131277397274971
1246,81,1,2025-09-12 09:25:04.188735+02:00,0,0.1746615469455719
1247,557,1,2025-09-12 09:25:04.188735+02:00,0,0.03859821334481239
1248,778,1,2025-09-12 09:25:04.188735+02:00,1,0.9618648290634155
1249,1197,1,2025-09-12 09:25:04.188735+02:00,0,0.2655215561389923
1250,870,1,2025-09-12 09:25:04.188735+02:00,0,0.03627323359251022
1251,502,1,2025-09-12 09:25:04.188735+02:00,0,0.10637082159519196
1252,42,1,2025-09-12 09:25:04.188735+02:00,0,0.10206928104162216
1253,90,1,2025-09-12 09:25:04.188735+02:00,1,0.5737204551696777
1254,1013,1,2025-09-12 09:25:04.188735+02:00,1,0.991224467754364
1255,59,1,2025-09-12 09:25:04.188735+02:00,0,0.04740135371685028
1256,1254,1,2025-09-12 09:25:04.188735+02:00,0,0.09691561758518219
1257,621,1,2025-09-12 09:25:04.188735+02:00,1,0.6724115610122681
1258,734,1,2025-09-12 09:25:04.188735+02:00,0,0.015545093454420567
1259,1068,1,2025-09-12 09:25:04.188735+02:00,0,0.06953005492687225
1260,350,1,2025-09-12 09:25:04.188735+02:00,0,0.03699715435504913
1261,116,1,2025-09-12 09:25:04.188735+02:00,0,0.013547070324420929
1262,1287,1,2025-09-12 09:25:04.188735+02:00,0,0.05103197693824768
1263,394,1,2025-09-12 09:25:04.188735+02:00,0,0.008726208470761776
1264,1025,1,2025-09-12 09:25:04.188735+02:00,0,0.02981092780828476
1265,248,1,2025-09-12 09:25:04.188735+02:00,0,0.007298855576664209
1266,862,1,2025-09-12 09:25:04.188735+02:00,0,0.07843954861164093
1267,501,1,2025-09-12 09:25:04.188735+02:00,0,0.054975442588329315
1268,207,1,2025-09-12 09:25:04.188735+02:00,0,0.03637636452913284
1269,1467,1,2025-09-12 09:25:04.188735+02:00,0,0.04225015640258789
1270,1319,1,2025-09-12 09:25:04.188735+02:00,0,0.06757186353206635
1271,1217,1,2025-09-12 09:25:04.188735+02:00,0,0.029734909534454346
1272,418,1,2025-09-12 09:25:04.188735+02:00,0,0.008722752332687378
1273,1354,1,2025-09-12 09:25:04.188735+02:00,0,0.23888283967971802
1274,463,1,2025-09-12 09:25:04.188735+02:00,0,0.04464447498321533
1275,246,1,2025-09-12 09:25:04.188735+02:00,0,0.09649161249399185
1276,159,1,2025-09-12 09:25:04.188735+02:00,0,0.2646532654762268
1277,354,1,2025-09-12 09:25:04.188735+02:00,0,0.06386271864175797
1278,267,1,2025-09-12 09:25:04.188735+02:00,0,0.024510908871889114
1279,1111,1,2025-09-12 09:25:04.188735+02:00,1,0.663909375667572
1280,1279,1,2025-09-12 09:25:04.188735+02:00,0,0.008853064849972725
1281,141,1,2025-09-12 09:25:04.188735+02:00,1,0.9057610630989075
1282,698,1,2025-09-12 09:25:04.188735+02:00,0,0.45613405108451843
1283,539,1,2025-09-12 09:25:04.188735+02:00,0,0.02774455025792122
1284,467,1,2025-09-12 09:25:04.188735+02:00,0,0.010607452131807804
1285,402,1,2025-09-12 09:25:04.188735+02:00,0,0.32934343814849854
1286,648,1,2025-09-12 09:25:04.188735+02:00,0,0.22065283358097076
1287,1095,1,2025-09-12 09:25:04.188735+02:00,0,0.2851743698120117
1,1074,1,2025-09-12 09:25:04.188735+02:00,0,0.03640412166714668
1289,380,1,2025-09-12 09:25:04.188735+02:00,0,0.01272476278245449
1290,1112,1,2025-09-12 09:25:04.188735+02:00,0,0.45806682109832764
1291,1090,1,2025-09-12 09:25:04.188735+02:00,0,0.1376364827156067
1292,347,1,2025-09-12 09:25:04.188735+02:00,0,0.0043519833125174046
1293,517,1,2025-09-12 09:25:04.188735+02:00,0,0.09083249419927597
1294,410,1,2025-09-12 09:25:04.188735+02:00,0,0.24595455825328827
1295,242,1,2025-09-12 09:25:04.188735+02:00,0,0.08485859632492065
1296,138,1,2025-09-12 09:25:04.188735+02:00,0,0.02402900531888008
1297,1380,1,2025-09-12 09:25:04.188735+02:00,1,0.9826609492301941
1298,1290,1,2025-09-12 09:25:04.188735+02:00,0,0.047751881182193756
1299,1349,1,2025-09-12 09:25:04.188735+02:00,0,0.01671437919139862
1300,190,1,2025-09-12 09:25:04.188735+02:00,0,0.026050163432955742
1301,16,1,2025-09-12 09:25:04.188735+02:00,0,0.047540802508592606
1302,342,1,2025-09-12 09:25:04.188735+02:00,0,0.001619653427042067
1303,574,1,2025-09-12 09:25:04.188735+02:00,1,0.7375195622444153
1304,854,1,2025-09-12 09:25:04.188735+02:00,1,0.745312511920929
1305,1028,1,2025-09-12 09:25:04.188735+02:00,0,0.1078944280743599
1306,1442,1,2025-09-12 09:25:04.188735+02:00,0,0.00920233316719532
1307,1241,1,2025-09-12 09:25:04.188735+02:00,0,0.005778769496828318
1308,888,1,2025-09-12 09:25:04.188735+02:00,0,0.10852301120758057
1309,236,1,2025-09-12 09:25:04.188735+02:00,0,0.012300832197070122
1310,148,1,2025-09-12 09:25:04.188735+02:00,0,0.03167659789323807
1311,678,1,2025-09-12 09:25:04.188735+02:00,0,0.247373566031456
1312,323,1,2025-09-12 09:25:04.188735+02:00,0,0.1307535022497177
1313,1204,1,2025-09-12 09:25:04.188735+02:00,0,0.020227311179041862
1314,1214,1,2025-09-12 09:25:04.188735+02:00,0,0.17029158771038055
1315,1397,1,2025-09-12 09:25:04.188735+02:00,1,0.9135001301765442
1316,368,1,2025-09-12 09:25:04.188735+02:00,0,0.07600022107362747
1317,294,1,2025-09-12 09:25:04.188735+02:00,0,0.16517268121242523
1318,1038,1,2025-09-12 09:25:04.188735+02:00,0,0.0581534244120121
1319,407,1,2025-09-12 09:25:04.188735+02:00,0,0.018760496750473976
1320,4,1,2025-09-12 09:25:04.188735+02:00,0,0.09283200651407242
1321,257,1,2025-09-12 09:25:04.188735+02:00,0,0.08722060173749924
1322,200,1,2025-09-12 09:25:04.188735+02:00,0,0.06498779356479645
1323,1409,1,2025-09-12 09:25:04.188735+02:00,0,0.01264265738427639
1324,275,1,2025-09-12 09:25:04.188735+02:00,0,0.2796934247016907
1325,948,1,2025-09-12 09:25:04.188735+02:00,1,0.8584991097450256
1326,613,1,2025-09-12 09:25:04.188735+02:00,0,0.12370844185352325
1327,583,1,2025-09-12 09:25:04.188735+02:00,0,0.0021134947892278433
1328,990,1,2025-09-12 09:25:04.188735+02:00,0,0.00510039646178484
1329,650,1,2025-09-12 09:25:04.188735+02:00,0,0.013388010673224926
1330,371,1,2025-09-12 09:25:04.188735+02:00,1,0.8382159471511841
1331,936,1,2025-09-12 09:25:04.188735+02:00,0,0.0039400565437972546
1332,726,1,2025-09-12 09:25:04.188735+02:00,0,0.45392727851867676
1333,568,1,2025-09-12 09:25:04.188735+02:00,0,0.003484293119981885
1334,1166,1,2025-09-12 09:25:04.188735+02:00,0,0.22910477221012115
1335,1391,1,2025-09-12 09:25:04.188735+02:00,1,0.8538140058517456
1336,998,1,2025-09-12 09:25:04.188735+02:00,0,0.19632866978645325
1337,754,1,2025-09-12 09:25:04.188735+02:00,0,0.08609523624181747
1338,1097,1,2025-09-12 09:25:04.188735+02:00,0,0.015174012631177902
1339,677,1,2025-09-12 09:25:04.188735+02:00,0,0.012784409336745739
1340,58,1,2025-09-12 09:25:04.188735+02:00,0,0.06823740154504776
1341,1,1,2025-09-12 09:25:04.188735+02:00,0,0.3829503655433655
1342,666,1,2025-09-12 09:25:04.188735+02:00,0,0.3969898819923401
1343,1261,1,2025-09-12 09:25:04.188735+02:00,0,0.41478198766708374
1344,1352,1,2025-09-12 09:25:04.188735+02:00,0,0.014141620136797428
1345,1260,1,2025-09-12 09:25:04.188735+02:00,0,0.006342578213661909
1346,1144,1,2025-09-12 09:25:04.188735+02:00,0,0.266237735748291
1347,682,1,2025-09-12 09:25:04.188735+02:00,0,0.012109572067856789
1348,608,1,2025-09-12 09:25:04.188735+02:00,0,0.0725412517786026
1349,364,1,2025-09-12 09:25:04.188735+02:00,1,0.6372780203819275
1350,372,1,2025-09-12 09:25:04.188735+02:00,0,0.05747557058930397
1351,1363,1,2025-09-12 09:25:04.188735+02:00,0,0.044238388538360596
1352,768,1,2025-09-12 09:25:04.188735+02:00,0,0.03500744700431824
1353,1365,1,2025-09-12 09:25:04.188735+02:00,0,0.030276501551270485
1354,860,1,2025-09-12 09:25:04.188735+02:00,0,0.16226570308208466
1355,572,1,2025-09-12 09:25:04.188735+02:00,0,0.2918676733970642
1356,49,1,2025-09-12 09:25:04.188735+02:00,0,0.07078580558300018
1357,978,1,2025-09-12 09:25:04.188735+02:00,0,0.12978841364383698
1358,22,1,2025-09-12 09:25:04.188735+02:00,1,0.8792394995689392
1359,912,1,2025-09-12 09:25:04.188735+02:00,1,0.782115638256073
1360,1058,1,2025-09-12 09:25:04.188735+02:00,1,0.9358081817626953
1361,70,1,2025-09-12 09:25:04.188735+02:00,0,0.4474433958530426
1362,45,1,2025-09-12 09:25:04.188735+02:00,0,0.03368254005908966
1363,743,1,2025-09-12 09:25:04.188735+02:00,0,0.208673357963562
1364,760,1,2025-09-12 09:25:04.188735+02:00,0,0.30197644233703613
1365,225,1,2025-09-12 09:25:04.188735+02:00,0,0.009743504226207733
1366,199,1,2025-09-12 09:25:04.188735+02:00,0,0.004757987800985575
1367,829,1,2025-09-12 09:25:04.188735+02:00,1,0.8466694355010986
1368,1061,1,2025-09-12 09:25:04.188735+02:00,1,0.9759973287582397
1369,1410,1,2025-09-12 09:25:04.188735+02:00,0,0.1606602519750595
1370,611,1,2025-09-12 09:25:04.188735+02:00,0,0.01586485467851162
1371,60,1,2025-09-12 09:25:04.188735+02:00,0,0.0067284973338246346
1372,671,1,2025-09-12 09:25:04.188735+02:00,1,0.8192831873893738
1373,895,1,2025-09-12 09:25:04.188735+02:00,0,0.016637884080410004
1374,1054,1,2025-09-12 09:25:04.188735+02:00,0,0.11065801978111267
1375,894,1,2025-09-12 09:25:04.188735+02:00,0,0.05662722885608673
1376,422,1,2025-09-12 09:25:04.188735+02:00,1,0.8531661629676819
1377,327,1,2025-09-12 09:25:04.188735+02:00,0,0.039067916572093964
1378,105,1,2025-09-12 09:25:04.188735+02:00,0,0.0043550212867558
1379,909,1,2025-09-12 09:25:04.188735+02:00,0,0.013900967314839363
1380,790,1,2025-09-12 09:25:04.188735+02:00,1,0.7030563354492188
1381,1053,1,2025-09-12 09:25:04.188735+02:00,0,0.3787359893321991
1382,469,1,2025-09-12 09:25:04.188735+02:00,0,0.07646598666906357
1383,1024,1,2025-09-12 09:25:04.188735+02:00,0,0.13791580498218536
1384,905,1,2025-09-12 09:25:04.188735+02:00,0,0.010003847070038319
1385,510,1,2025-09-12 09:25:04.188735+02:00,0,0.004955687560141087
1386,245,1,2025-09-12 09:25:04.188735+02:00,0,0.005791171453893185
1387,747,1,2025-09-12 09:25:04.188735+02:00,0,0.012996465899050236
1388,982,1,2025-09-12 09:25:04.188735+02:00,0,0.379787415266037
1389,771,1,2025-09-12 09:25:04.188735+02:00,0,0.005042812786996365
1390,1401,1,2025-09-12 09:25:04.188735+02:00,0,0.02996792457997799
1391,1259,1,2025-09-12 09:25:04.188735+02:00,0,0.1290614902973175
1392,1266,1,2025-09-12 09:25:04.188735+02:00,0,0.01715765707194805
1393,259,1,2025-09-12 09:25:04.188735+02:00,0,0.22491827607154846
1394,1015,1,2025-09-12 09:25:04.188735+02:00,0,0.03728416934609413
1395,573,1,2025-09-12 09:25:04.188735+02:00,0,0.07625849545001984
1396,1371,1,2025-09-12 09:25:04.188735+02:00,0,0.09248550981283188
1397,864,1,2025-09-12 09:25:04.188735+02:00,0,0.030934205278754234
1398,1187,1,2025-09-12 09:25:04.188735+02:00,0,0.07173845916986465
1399,920,1,2025-09-12 09:25:04.188735+02:00,0,0.24869447946548462
1400,522,1,2025-09-12 09:25:04.188735+02:00,0,0.0045891450718045235
1401,291,1,2025-09-12 09:25:04.188735+02:00,0,0.06841088831424713
1402,423,1,2025-09-12 09:25:04.188735+02:00,1,0.8217664361000061
1403,3,1,2025-09-12 09:25:04.188735+02:00,1,0.603466272354126
1404,201,1,2025-09-12 09:25:04.188735+02:00,0,0.09597204625606537
1405,61,1,2025-09-12 09:25:04.188735+02:00,0,0.008134895004332066
1406,797,1,2025-09-12 09:25:04.188735+02:00,0,0.04211970046162605
1407,901,1,2025-09-12 09:25:04.188735+02:00,0,0.18674908578395844
1408,14,1,2025-09-12 09:25:04.188735+02:00,0,0.08967430889606476
1409,476,1,2025-09-12 09:25:04.188735+02:00,0,0.07261340320110321
1410,1059,1,2025-09-12 09:25:04.188735+02:00,0,0.43467947840690613
1411,1431,1,2025-09-12 09:25:04.188735+02:00,0,0.027755893766880035
1412,1300,1,2025-09-12 09:25:04.188735+02:00,0,0.0007960848743095994
1413,1206,1,2025-09-12 09:25:04.188735+02:00,1,0.8606530427932739
1414,1318,1,2025-09-12 09:25:04.188735+02:00,0,0.24656903743743896
1415,859,1,2025-09-12 09:25:04.188735+02:00,0,0.006576250772923231
1416,659,1,2025-09-12 09:25:04.188735+02:00,0,0.3676353394985199
1417,210,1,2025-09-12 09:25:04.188735+02:00,0,0.01036829873919487
1418,1384,1,2025-09-12 09:25:04.188735+02:00,0,0.04265213757753372
1419,157,1,2025-09-12 09:25:04.188735+02:00,0,0.05649464577436447
1420,584,1,2025-09-12 09:25:04.188735+02:00,0,0.015397731214761734
1421,1127,1,2025-09-12 09:25:04.188735+02:00,0,0.08121250569820404
1422,1329,1,2025-09-12 09:25:04.188735+02:00,0,0.25283706188201904
1423,1316,1,2025-09-12 09:25:04.188735+02:00,0,0.01870383881032467
1424,503,1,2025-09-12 09:25:04.188735+02:00,0,0.3656255304813385
1425,1249,1,2025-09-12 09:25:04.188735+02:00,0,0.10543288290500641
1426,173,1,2025-09-12 09:25:04.188735+02:00,0,0.40181922912597656
1427,1168,1,2025-09-12 09:25:04.188735+02:00,0,0.18856464326381683
1428,878,1,2025-09-12 09:25:04.188735+02:00,0,0.013193556107580662
1429,792,1,2025-09-12 09:25:04.188735+02:00,1,0.7803952097892761
1430,867,1,2025-09-12 09:25:04.188735+02:00,0,0.09989181905984879
1431,784,1,2025-09-12 09:25:04.188735+02:00,0,0.05428300052881241
1432,753,1,2025-09-12 09:25:04.188735+02:00,0,0.1808317005634308
1433,1177,1,2025-09-12 09:25:04.188735+02:00,0,0.029499217867851257
1434,1034,1,2025-09-12 09:25:04.188735+02:00,0,0.13368460536003113
1435,1466,1,2025-09-12 09:25:04.188735+02:00,0,0.015021583996713161
1436,989,1,2025-09-12 09:25:04.188735+02:00,0,0.06533270329236984
1437,1326,1,2025-09-12 09:25:04.188735+02:00,0,0.17774361371994019
1438,972,1,2025-09-12 09:25:04.188735+02:00,0,0.4887814521789551
1439,1411,1,2025-09-12 09:25:04.188735+02:00,0,0.02097945101559162
1440,1228,1,2025-09-12 09:25:04.188735+02:00,0,0.0259560439735651
1441,943,1,2025-09-12 09:25:04.188735+02:00,0,0.04210803285241127
1442,150,1,2025-09-12 09:25:04.188735+02:00,1,0.7175222039222717
1443,1294,1,2025-09-12 09:25:04.188735+02:00,1,0.5181118249893188
1444,926,1,2025-09-12 09:25:04.188735+02:00,0,0.10563575476408005
1445,808,1,2025-09-12 09:25:04.188735+02:00,0,0.06710000336170197
1446,490,1,2025-09-12 09:25:04.188735+02:00,0,0.008225132711231709
1447,798,1,2025-09-12 09:25:04.188735+02:00,1,0.7916632890701294
1448,331,1,2025-09-12 09:25:04.188735+02:00,0,0.14582966268062592
1449,874,1,2025-09-12 09:25:04.188735+02:00,0,0.016594205051660538
1450,9,1,2025-09-12 09:25:04.188735+02:00,0,0.04194288328289986
1451,1302,1,2025-09-12 09:25:04.188735+02:00,0,0.034534700214862823
1452,445,1,2025-09-12 09:25:04.188735+02:00,0,0.028444385156035423
1453,411,1,2025-09-12 09:25:04.188735+02:00,0,0.015888651832938194
1454,1160,1,2025-09-12 09:25:04.188735+02:00,0,0.1490432620048523
1455,832,1,2025-09-12 09:25:04.188735+02:00,1,0.6890345215797424
1456,908,1,2025-09-12 09:25:04.188735+02:00,0,0.05963347852230072
1457,1324,1,2025-09-12 09:25:04.188735+02:00,0,0.04064016044139862
1458,88,1,2025-09-12 09:25:04.188735+02:00,0,0.04142247512936592
1459,1161,1,2025-09-12 09:25:04.188735+02:00,0,0.003604959463700652
1460,1084,1,2025-09-12 09:25:04.188735+02:00,1,0.8068143725395203
1461,240,1,2025-09-12 09:25:04.188735+02:00,0,0.33698779344558716
1462,1199,1,2025-09-12 09:25:04.188735+02:00,0,0.003631794825196266
1463,217,1,2025-09-12 09:25:04.188735+02:00,1,0.9167696237564087
1464,538,1,2025-09-12 09:25:04.188735+02:00,0,0.030713634565472603
1465,383,1,2025-09-12 09:25:04.188735+02:00,1,0.7763733267784119
1466,925,1,2025-09-12 09:25:04.188735+02:00,0,0.005407548975199461
1467,612,1,2025-09-12 09:25:04.188735+02:00,0,0.03371760994195938
1468,1119,1,2025-09-12 09:25:04.188735+02:00,0,0.2624279260635376
1469,616,1,2025-09-12 09:25:04.188735+02:00,0,0.13789890706539154
1470,453,1,2025-09-12 09:25:04.188735+02:00,0,0.008815882727503777
1288,992,1,2025-09-12 09:25:04.188735+02:00,0,0.053336333483457565
2,251,1,2025-09-12 09:25:04.188735+02:00,0,0.48354488611221313
